Datetime,Open,High,Low,Close,Volume
2013-02-28,27.88,27.97,27.74,27.8,35840200
2013-02-27,27.42,28.0,27.33,27.81,36394700
2013-02-26,27.38,27.6,27.34,27.37,49923300
2013-02-25,27.97,28.049999,27.37,27.37,48011800
2013-02-22,27.68,27.76,27.48,27.76,31425900
2013-02-21,27.74,27.74,27.23,27.49,49078500
2013-02-20,28.13,28.2,27.83,27.87,44110200
2013-02-19,27.88,28.09,27.8,28.049999,38781400
2013-02-15,28.040001,28.16,27.88,28.01,49650900
2013-02-14,27.92,28.059999,27.87,28.040001,32663200
2013-02-13,27.93,28.11,27.88,28.030001,41715600
2013-02-12,27.88,28.0,27.75,27.88,35990900
2013-02-11,27.65,27.92,27.5,27.86,32247700
2013-02-08,27.35,27.71,27.31,27.55,33318500
2013-02-07,27.35,27.39,27.1,27.28,38028300
2013-02-06,27.38,27.54,27.25,27.34,41889600
2013-02-05,27.62,27.66,27.36,27.5,35410400
2013-02-04,27.87,28.02,27.42,27.44,50540000
2013-02-01,27.67,28.049999,27.55,27.93,55565900
2013-01-31,27.79,27.97,27.4,27.45,50530000
2013-01-30,28.01,28.19,27.76,27.85,43580500
2013-01-29,27.82,28.13,27.6,28.01,49242600
2013-01-28,28.01,28.23,27.76,27.91,56056500
2013-01-25,27.58,28.23,27.39,27.88,81847700
2013-01-24,27.7,28.07,27.47,27.63,101739300
2013-01-23,27.2,27.64,27.2,27.61,50387700
2013-01-22,27.3,27.45,27.0,27.15,58650600
2013-01-18,27.1,27.29,27.040001,27.25,52167700
2013-01-17,27.19,27.47,27.059999,27.25,51685900
2013-01-16,27.15,27.23,27.01,27.040001,41077400
2013-01-15,26.83,27.29,26.83,27.21,48244500
2013-01-14,26.9,27.08,26.76,26.89,48324400
2013-01-11,26.49,26.93,26.28,26.83,55512100
2013-01-10,26.65,26.98,26.29,26.46,71431300
2013-01-09,26.72,26.75,26.56,26.7,49047900
2013-01-08,26.75,26.79,26.46,26.55,44703100
2013-01-07,26.77,26.88,26.64,26.69,37110400
2013-01-04,27.27,27.34,26.73,26.74,52521100
2013-01-03,27.63,27.65,27.16,27.25,48294400
2013-01-02,27.25,27.73,27.15,27.62,52899300
2012-12-31,26.59,26.77,26.37,26.71,42749500
2012-12-28,26.71,26.9,26.55,26.55,28239900
2012-12-27,26.89,27.09,26.57,26.96,39394000
2012-12-26,27.030001,27.2,26.7,26.86,31631100
2012-12-24,27.2,27.25,27.0,27.059999,20842400
2012-12-21,27.45,27.49,27.0,27.45,98776500
2012-12-20,27.36,27.68,27.15,27.68,52607300
2012-12-19,27.69,27.73,27.25,27.31,53519900
2012-12-18,27.25,27.63,27.14,27.56,50486900
2012-12-17,26.79,27.22,26.68,27.1,42046100
2012-12-14,27.11,27.13,26.7,26.81,42077500
2012-12-13,27.32,27.52,26.95,27.11,45080100
2012-12-12,27.53,27.62,27.08,27.24,43966300
2012-12-11,27.049999,27.49,27.049999,27.32,52282800
2012-12-10,26.56,26.97,26.52,26.94,47031100
2012-12-07,26.82,26.82,26.37,26.46,46162100
2012-12-06,26.81,26.98,26.61,26.73,39182300
2012-12-05,26.38,26.93,26.26,26.67,68283800
2012-12-04,26.5,26.63,26.34,26.37,49777500
2012-12-03,26.78,26.82,26.4,26.43,53173800
2012-11-30,27.049999,27.13,26.49,26.62,83690200
2012-11-29,27.11,27.36,26.86,26.95,69551400
2012-11-28,27.01,27.39,26.77,27.36,53018400
2012-11-27,27.36,27.38,27.040001,27.08,45018600
2012-11-26,27.54,27.58,27.17,27.39,85198700
2012-11-23,27.23,27.77,27.2,27.7,57845700
2012-11-21,26.71,27.17,26.67,26.95,66360300
2012-11-20,26.76,26.8,26.46,26.71,47070400
2012-11-19,26.8,26.8,26.47,26.73,57179300
2012-11-16,26.67,26.7,26.34,26.52,64083300
2012-11-15,26.88,26.97,26.63,26.66,50955600
2012-11-14,27.24,27.29,26.8,26.84,76086100
2012-11-13,27.02,27.3,26.75,27.09,131689200
2012-11-12,28.94,29.01,28.21,28.22,61112300
2012-11-09,28.88,29.19,28.81,28.83,43291200
2012-11-08,29.12,29.37,28.8,28.81,49841800
2012-11-07,29.53,29.83,29.049999,29.08,57871800
2012-11-06,29.82,30.2,29.61,29.86,43401500
2012-11-05,29.62,29.74,29.33,29.63,38070800
2012-11-02,29.59,29.77,29.33,29.5,57131600
2012-11-01,28.84,29.56,28.82,29.52,72047900
2012-10-31,28.55,28.88,28.5,28.54,69464100
2012-10-26,27.86,28.34,27.84,28.21,57790000
2012-10-25,28.19,28.2,27.86,27.88,54084300
2012-10-24,28.16,28.2,27.87,27.9,53320400
2012-10-23,27.77,28.2,27.76,28.049999,64414800
2012-10-22,28.73,28.83,27.83,28.0,83374000
2012-10-19,29.049999,29.08,28.5,28.64,90470800
2012-10-18,29.65,29.73,29.26,29.5,59238500
2012-10-17,29.3,29.64,29.09,29.59,44206100
2012-10-16,29.45,29.74,29.32,29.49,47739400
2012-10-15,29.37,29.72,29.25,29.51,42440200
2012-10-12,28.97,29.32,28.8,29.2,46464700
2012-10-11,29.22,29.25,28.87,28.95,41488500
2012-10-10,29.15,29.31,28.95,28.98,47227100
2012-10-09,29.68,29.74,29.18,29.28,45121100
2012-10-08,29.64,29.92,29.55,29.78,29752000
2012-10-05,30.23,30.25,29.74,29.85,41133900
2012-10-04,29.97,30.030001,29.57,30.030001,43634900
2012-10-03,29.75,29.99,29.67,29.86,46655900
2012-10-02,29.68,29.89,29.5,29.66,43338900
2012-10-01,29.81,29.98,29.42,29.49,54042700
2012-09-28,30.18,30.26,29.74,29.76,54229300
2012-09-27,30.17,30.4,29.89,30.16,47129900
2012-09-26,30.28,30.6,30.040001,30.17,54672000
2012-09-25,30.95,31.0,30.36,30.39,54266400
2012-09-24,31.0,31.07,30.64,30.78,46825900
2012-09-21,31.43,31.61,31.09,31.19,102348900
2012-09-20,30.95,31.48,30.91,31.45,45543000
2012-09-19,31.09,31.19,31.040001,31.049999,48871900
2012-09-18,31.1,31.21,31.030001,31.18,34542700
2012-09-17,31.19,31.26,31.040001,31.21,36488500
2012-09-14,31.01,31.25,30.81,31.21,51422800
2012-09-13,30.89,31.18,30.4,30.94,45047300
2012-09-12,30.94,31.18,30.73,30.78,32775800
2012-09-11,30.69,30.91,30.61,30.79,25191800
2012-09-10,30.83,30.9,30.51,30.72,40524000
2012-09-07,31.040001,31.07,30.73,30.95,42649100
2012-09-06,30.5,31.36,30.46,31.35,48371700
2012-09-05,30.22,30.53,30.21,30.39,33650000
2012-09-04,30.45,30.66,30.15,30.39,48556700
2012-08-31,30.6,30.96,30.38,30.82,36590100
2012-08-30,30.53,30.61,30.22,30.32,23982100
2012-08-29,30.65,30.75,30.44,30.65,23346800
2012-08-28,30.7,30.8,30.52,30.63,23947900
2012-08-27,30.93,30.96,30.59,30.69,34691100
2012-08-24,30.25,30.63,30.18,30.56,22943300
2012-08-23,30.39,30.4,30.08,30.26,28355600
2012-08-22,30.59,30.76,30.47,30.54,33437400
2012-08-21,30.76,30.96,30.61,30.8,28822700
2012-08-20,30.82,30.85,30.58,30.74,23737700
2012-08-17,30.92,30.92,30.59,30.9,32589900
2012-08-16,30.36,30.94,30.26,30.78,35787200
2012-08-15,30.11,30.28,30.02,30.2,24351000
2012-08-14,30.3,30.39,30.01,30.13,34551400
2012-08-13,30.35,30.46,30.16,30.39,23049100
2012-08-10,30.5,30.62,30.25,30.42,27810300
2012-08-09,30.39,30.65,30.3,30.5,24920800
2012-08-08,30.21,30.47,30.11,30.33,26257600
2012-08-07,30.07,30.35,29.87,30.26,28002900
2012-08-06,30.0,30.11,29.81,29.95,27471800
2012-08-03,29.53,29.94,29.48,29.75,35859400
2012-08-02,29.21,29.53,28.97,29.19,39520500
2012-08-01,29.59,29.65,29.21,29.41,31721800
2012-07-31,29.48,29.71,29.33,29.47,37620900
2012-07-30,29.75,29.82,29.46,29.64,28905000
2012-07-27,29.48,29.85,29.18,29.76,44242600
2012-07-26,29.23,29.5,29.09,29.16,45301400
2012-07-25,29.24,29.33,28.78,28.83,45579500
2012-07-24,29.24,29.36,28.9,29.15,47723300
2012-07-23,29.57,29.58,29.01,29.28,55151900
2012-07-20,31.0,31.049999,30.049999,30.12,64021700
2012-07-19,30.51,30.8,30.38,30.67,46663200
2012-07-18,29.6,30.45,29.46,30.45,41090400
2012-07-17,29.64,29.86,29.2,29.66,33771300
2012-07-16,29.48,29.53,29.040001,29.44,27900600
2012-07-13,28.76,29.48,28.72,29.39,39085000
2012-07-12,29.15,29.18,28.54,28.63,63523600
2012-07-11,29.71,29.74,29.11,29.3,39184900
2012-07-10,30.08,30.22,29.51,29.74,37534100
2012-07-09,30.12,30.23,29.78,30.0,30680800
2012-07-06,30.61,30.7,29.95,30.19,38294800
2012-07-05,30.59,30.78,30.38,30.7,28801900
2012-07-03,30.23,30.76,30.17,30.76,20938100
2012-07-02,30.62,30.62,30.21,30.56,30589100
2012-06-29,30.45,30.69,30.14,30.59,55227200
2012-06-28,29.98,30.049999,29.42,29.91,45328400
2012-06-27,30.19,30.5,30.030001,30.17,33781700
2012-06-26,30.0,30.27,29.94,30.02,38421300
2012-06-25,30.3,30.32,29.62,29.87,42217200
2012-06-22,30.3,30.73,30.030001,30.7,45098100
2012-06-21,30.96,31.14,30.059999,30.14,48456600
2012-06-20,30.93,31.049999,30.64,30.93,36257100
2012-06-19,30.19,31.11,30.049999,30.7,75725800
2012-06-18,29.99,30.030001,29.71,29.84,58679900
2012-06-15,29.59,30.08,29.49,30.02,62314400
2012-06-14,29.33,29.46,28.88,29.34,39458900
2012-06-13,29.22,29.44,29.049999,29.13,32984600
2012-06-12,29.1,29.3,28.84,29.29,35337900
2012-06-11,29.73,29.81,28.82,28.9,46361900
2012-06-08,29.21,29.68,29.049999,29.65,42551100
2012-06-07,29.64,29.7,29.17,29.23,37792800
2012-06-06,28.88,29.37,28.81,29.35,46860500
2012-06-05,28.51,28.75,28.39,28.51,45715400
2012-06-04,28.62,28.78,28.32,28.55,47926300
2012-06-01,28.76,28.96,28.44,28.45,56634300
2012-05-31,29.3,29.42,28.94,29.19,39134000
2012-05-30,29.35,29.48,29.12,29.34,41585500
2012-05-29,29.38,29.72,29.22,29.56,37758800
2012-05-25,29.2,29.36,29.01,29.059999,29507200
2012-05-24,29.16,29.3,28.76,29.07,52575000
2012-05-23,29.35,29.4,28.64,29.11,65171000
2012-05-22,29.69,29.88,29.5,29.76,39504900
2012-05-21,29.1,29.79,29.059999,29.75,38787900
2012-05-18,29.79,29.81,29.17,29.27,56205300
2012-05-17,29.99,30.21,29.71,29.72,48484000
2012-05-16,30.31,30.32,29.74,29.9,60083700
2012-05-15,30.64,30.8,30.15,30.21,61822800
2012-05-14,30.82,31.040001,30.64,30.68,40528900
2012-05-11,30.69,31.54,30.69,31.16,43459300
2012-05-10,30.86,31.02,30.45,30.74,43839200
2012-05-09,30.19,30.83,30.1,30.76,50309300
2012-05-08,30.48,30.78,30.17,30.5,46328300
2012-05-07,30.7,30.86,30.57,30.65,48641400
2012-05-04,31.45,31.57,30.92,30.98,57927200
2012-05-03,31.88,31.9,31.61,31.76,31501300
2012-05-02,31.85,31.93,31.64,31.8,37385300
2012-05-01,32.049999,32.34,31.95,32.0099983,43832300
2012-04-30,31.98,32.11,31.92,32.02,35697200
2012-04-27,32.12,32.22,31.88,31.98,41419100
2012-04-26,32.12,32.23,31.92,32.11,40308100
2012-04-25,31.92,32.32,31.87,32.2,62495500
2012-04-24,32.21,32.52,31.83,31.92,40871100
2012-04-23,32.31,32.5,32.029999,32.12,61398200
2012-04-20,32.15,32.89,32.049999,32.42,106045000
2012-04-19,31.13,31.68,30.94,31.01,54781200
2012-04-18,31.28,31.31,31.040001,31.14,40552900
2012-04-17,31.27,31.61,31.2,31.44,34361500
2012-04-16,30.99,31.19,30.77,31.08,38124800
2012-04-13,30.89,31.16,30.72,30.81,39749200
2012-04-12,30.48,31.040001,30.42,30.98,38304000
2012-04-11,30.43,30.53,30.23,30.35,43014000
2012-04-10,31.059999,31.19,30.3,30.47,54131300
2012-04-09,31.22,31.4,30.97,31.1,31056400
2012-04-05,31.15,31.63,31.049999,31.52,50368600
2012-04-04,31.66,31.69,31.049999,31.21,49455900
2012-04-03,32.16,32.19,31.66,31.94,42752100
2012-04-02,32.22,32.46,31.95,32.29,35853600
2012-03-30,32.4,32.41,32.040001,32.26,31749400
2012-03-29,32.060001,32.19,31.81,32.12,37038500
2012-03-28,32.52,32.7,32.040001,32.19,41344800
2012-03-27,32.65,32.7,32.4,32.52,36274900
2012-03-26,32.19,32.61,32.15,32.59,36758300
2012-03-23,32.099998,32.11,31.72,32.0099983,35912200
2012-03-22,31.81,32.09,31.79,32.0,31749500
2012-03-21,31.96,32.15,31.82,31.91,37928600
2012-03-20,32.099998,32.15,31.74,31.99,41566800
2012-03-19,32.54,32.61,32.15,32.2,44789200
2012-03-16,32.91,32.95,32.5,32.6,65626400
2012-03-15,32.79,32.94,32.58,32.85,49068300
2012-03-14,32.53,32.88,32.49,32.77,41986900
2012-03-13,32.24,32.69,32.15,32.67,48951700
2012-03-12,31.97,32.2,31.82,32.040001,34073600
2012-03-09,32.099998,32.16,31.92,31.99,34628400
2012-03-08,32.040001,32.21,31.9,32.0099983,36747400
2012-03-07,31.67,31.92,31.53,31.84,34340400
2012-03-06,31.54,31.98,31.49,31.56,51932900
2012-03-05,32.0099983,32.049999,31.62,31.8,45240000
2012-03-02,32.31,32.44,32.0,32.080002,47314200
2012-03-01,31.93,32.39,31.85,32.29,77344100
2012-02-29,31.89,32.0,31.61,31.74,59323600
2012-02-28,31.41,31.93,31.38,31.87,45230600
2012-02-27,31.24,31.5,31.1,31.35,34568400
2012-02-24,31.48,31.5,31.24,31.48,35575400
2012-02-23,31.2,31.59,31.0,31.37,35034700
2012-02-22,31.45,31.68,31.18,31.27,49253200
2012-02-21,31.18,31.61,31.15,31.44,50829900
2012-02-17,31.2,31.32,30.95,31.25,70036500
2012-02-16,30.31,31.55,30.3,31.29,94705100
2012-02-15,30.33,30.39,30.030001,30.049999,43311300
2012-02-14,30.33,30.46,29.85,30.25,59644000
2012-02-13,30.63,30.77,30.43,30.58,33319800
2012-02-10,30.64,30.8,30.36,30.5,44605300
2012-02-09,30.68,30.8,30.48,30.77,50481600
2012-02-08,30.26,30.67,30.22,30.66,49659100
2012-02-07,30.15,30.49,30.049999,30.35,39242400
2012-02-06,30.040001,30.22,29.97,30.2,28039700
2012-02-03,30.14,30.4,30.09,30.24,41838500
2012-02-02,29.9,30.17,29.71,29.95,52223300
2012-02-01,29.79,30.049999,29.76,29.89,67409900
2012-01-31,29.66,29.7,29.23,29.53,50572400
2012-01-30,28.97,29.62,28.83,29.61,51114800
2012-01-27,29.45,29.53,29.17,29.23,44187700
2012-01-26,29.61,29.7,29.4,29.5,49102800
2012-01-25,29.07,29.65,29.07,29.56,59231700
2012-01-24,29.47,29.57,29.18,29.34,51703300
2012-01-23,29.55,29.95,29.35,29.73,76078100
2012-01-20,28.82,29.74,28.75,29.71,165902900
2012-01-19,28.16,28.44,28.030001,28.12,74053500
2012-01-18,28.31,28.4,27.97,28.23,64860600
2012-01-17,28.4,28.65,28.17,28.26,72395300
2012-01-13,27.93,28.25,27.79,28.25,60196100
2012-01-12,27.87,28.02,27.65,28.0,49370800
2012-01-11,27.43,27.98,27.37,27.72,65582400
2012-01-10,27.93,28.15,27.75,27.84,60014400
2012-01-09,28.049999,28.1,27.72,27.74,59706800
2012-01-06,27.53,28.19,27.53,28.11,99455500
2012-01-05,27.38,27.73,27.29,27.68,56081400
2012-01-04,26.82,27.47,26.78,27.4,80516100
2012-01-03,26.55,26.96,26.39,26.77,64731500
2011-12-30,26.0,26.12,25.91,25.96,27395700
2011-12-29,25.95,26.049999,25.86,26.02,22616900
2011-12-28,26.11,26.15,25.76,25.82,29822500
2011-12-27,25.96,26.14,25.93,26.040001,21287200
2011-12-23,25.91,26.040001,25.73,26.030001,23205800
2011-12-22,25.82,25.86,25.48,25.81,35794100
2011-12-21,26.01,26.19,25.44,25.76,64132500
2011-12-20,25.86,26.1,25.81,26.030001,60767600
2011-12-19,26.02,26.12,25.46,25.53,52258300
2011-12-16,25.67,26.17,25.63,26.0,101408100
2011-12-15,25.72,25.88,25.54,25.56,46213900
2011-12-14,25.72,25.86,25.57,25.59,47926400
2011-12-13,25.75,26.1,25.65,25.76,54581100
2011-12-12,25.41,25.57,25.29,25.51,38945900
2011-12-09,25.52,25.87,25.5,25.7,53788500
2011-12-08,25.48,25.72,25.37,25.4,60522200
2011-12-07,25.67,25.76,25.34,25.6,62667000
2011-12-06,25.81,25.87,25.61,25.66,46175300
2011-12-05,25.78,25.8,25.5,25.7,56818400
2011-12-02,25.59,25.62,25.16,25.22,52293800
2011-12-01,25.56,25.63,25.2,25.28,48545400
2011-11-30,25.37,25.59,25.14,25.58,81350900
2011-11-29,24.82,25.040001,24.75,24.84,40917100
2011-11-28,24.94,24.97,24.69,24.87,46766700
2011-11-25,24.38,24.67,24.3,24.3,26164600
2011-11-23,24.61,24.79,24.47,24.47,49099700
2011-11-22,24.89,24.96,24.65,24.79,49204500
2011-11-21,25.24,25.25,24.9,25.0,61882500
2011-11-18,25.48,25.5,25.15,25.3,47626200
2011-11-17,26.01,26.040001,25.44,25.54,70977500
2011-11-16,26.47,26.51,26.040001,26.07,53262800
2011-11-15,26.56,26.94,26.4,26.74,43874200
2011-11-14,26.88,27.0,26.65,26.76,34199200
2011-11-11,26.58,27.08,26.57,26.91,37903000
2011-11-10,26.47,26.5,26.12,26.28,32514400
2011-11-09,26.59,26.75,26.059999,26.2,62950900
2011-11-08,27.01,27.2,26.69,27.16,47822500
2011-11-07,26.21,26.82,26.13,26.8,42589700
2011-11-04,26.38,26.4,26.0,26.25,36549200
2011-11-03,26.24,26.59,25.98,26.53,65836100
2011-11-02,26.1,26.2,25.7,26.01,53533100
2011-11-01,26.19,26.32,25.86,25.99,61182600
2011-10-31,26.76,27.0,26.62,26.63,46799000
2011-10-28,27.14,27.19,26.79,26.98,57712100
2011-10-27,27.13,27.4,26.65,27.25,74512400
2011-10-26,27.030001,27.059999,26.1,26.59,63029900
2011-10-25,27.08,27.23,26.72,26.81,53554600
2011-10-24,27.059999,27.4,27.040001,27.19,56897800
2011-10-21,27.15,27.19,26.8,27.16,76620600
2011-10-20,27.26,27.34,26.4,27.040001,76300200
2011-10-19,27.37,27.47,27.01,27.13,42880000
2011-10-18,26.94,27.4,26.8,27.31,52487900
2011-10-17,27.11,27.42,26.85,26.98,39453300
2011-10-14,27.31,27.5,27.02,27.27,50947700
2011-10-13,26.76,27.2,26.62,27.18,43823500
2011-10-12,27.18,27.31,26.9,26.96,52489800
2011-10-11,26.86,27.07,26.72,27.0,38826200
2011-10-10,26.58,26.97,26.47,26.94,41815300
2011-10-07,26.34,26.51,26.2,26.25,52741600
2011-10-06,25.9,26.4,25.7,26.34,55111400
2011-10-05,25.42,26.16,25.16,25.89,94061300
2011-10-04,24.3,25.39,24.26,25.34,83485400
2011-10-03,24.72,25.34,24.52,24.53,64592500
2011-09-30,25.2,25.5,24.88,24.89,54060500
2011-09-29,25.98,26.17,25.09,25.45,63407300
2011-09-28,25.93,26.37,25.51,25.58,60736200
2011-09-27,25.66,25.92,25.45,25.67,55620700
2011-09-26,25.19,25.52,24.73,25.44,51057600
2011-09-23,24.9,25.15,24.69,25.059999,64768100
2011-09-22,25.3,25.65,24.6,25.059999,96278300
2011-09-21,27.049999,27.059999,25.97,25.99,72750700
2011-09-20,27.31,27.5,26.93,26.98,49211900
2011-09-19,26.8,27.31,26.6,27.21,52324900
2011-09-16,27.049999,27.27,26.83,27.12,89681500
2011-09-15,26.73,27.030001,26.31,26.99,67808300
2011-09-14,26.17,26.8,25.89,26.5,66739200
2011-09-13,25.92,26.19,25.81,26.040001,48792300
2011-09-12,25.44,25.93,25.27,25.89,55046100
2011-09-09,26.0,26.18,25.5,25.74,64529200
2011-09-08,26.0,26.66,25.95,26.22,65811900
2011-09-07,25.69,26.0,25.57,26.0,41961000
2011-09-06,25.2,25.59,25.11,25.51,54929300
2011-09-02,25.78,26.0,25.66,25.8,43894400
2011-09-01,26.46,26.86,26.21,26.21,60510800
2011-08-31,26.29,26.71,26.26,26.6,59300800
2011-08-30,25.73,26.43,25.7,26.23,57341400
2011-08-29,25.53,25.86,25.37,25.84,38863200
2011-08-26,24.51,25.34,24.42,25.25,71957000
2011-08-25,25.08,25.16,24.5,24.57,48192000
2011-08-24,24.65,24.93,24.42,24.9,45329700
2011-08-23,24.030001,24.75,24.030001,24.72,59670600
2011-08-22,24.42,24.49,23.79,23.98,54721000
2011-08-19,24.41,24.62,23.91,24.049999,77397900
2011-08-18,24.57,25.09,24.030001,24.67,105714200
2011-08-17,25.25,25.7,24.93,25.25,50923700
2011-08-16,25.22,25.59,25.049999,25.35,54251500
2011-08-15,25.24,25.58,25.15,25.51,56529400
2011-08-12,25.13,25.34,24.65,25.1,64787100
2011-08-11,24.5,25.38,24.4,25.19,90690100
2011-08-10,24.95,25.09,24.1,24.2,127819900
2011-08-09,24.71,25.62,24.030001,25.58,126268900
2011-08-08,25.02,25.6,24.39,24.48,134257200
2011-08-05,25.97,26.1,25.23,25.68,112071700
2011-08-04,26.53,26.87,25.93,25.94,92949500
2011-08-03,26.83,27.0,26.48,26.92,64581200
2011-08-02,26.98,27.45,26.76,26.8,63883100
2011-08-01,27.51,27.69,26.75,27.27,61838400
2011-07-29,27.52,27.71,27.26,27.4,104394800
2011-07-28,27.29,28.07,27.21,27.72,83761400
2011-07-27,27.88,27.99,27.2,27.33,71488700
2011-07-26,27.82,28.15,27.78,28.08,74636500
2011-07-25,27.26,28.09,27.19,27.91,108482400
2011-07-22,26.86,27.55,26.68,27.53,76380600
2011-07-21,27.040001,27.31,26.65,27.1,81737400
2011-07-20,27.28,27.35,26.98,27.059999,49795400
2011-07-19,26.81,27.64,26.78,27.54,86730600
2011-07-18,26.63,26.9,26.26,26.59,44501900
2011-07-15,26.47,26.93,26.47,26.78,49132400
2011-07-14,26.62,27.01,26.36,26.47,46382300
2011-07-13,26.6,26.96,26.51,26.63,40861800
2011-07-12,26.55,26.79,26.34,26.54,47319300
2011-07-11,26.62,26.8,26.49,26.63,43999800
2011-07-08,26.54,26.98,26.51,26.92,58320700
2011-07-07,26.49,26.88,26.36,26.77,51946500
2011-07-06,25.97,26.37,25.96,26.33,48744200
2011-07-05,26.1,26.15,25.9,26.030001,37805300
2011-07-01,25.93,26.17,25.84,26.02,52906200
2011-06-30,25.74,26.0,25.66,26.0,52535400
2011-06-29,25.71,25.71,25.36,25.62,66051000
2011-06-28,25.3,25.92,25.16,25.8,81032100
2011-06-27,24.23,25.46,24.23,25.2,92044200
2011-06-24,24.51,24.54,24.19,24.3,101387200
2011-06-23,24.44,24.65,24.2,24.63,59470400
2011-06-22,24.6,24.81,24.59,24.65,44287300
2011-06-21,24.52,24.86,24.4,24.76,49708700
2011-06-20,24.17,24.66,24.16,24.47,54338400
2011-06-17,24.22,24.3,23.98,24.26,83320400
2011-06-16,23.75,24.1,23.65,24.0,57184100
2011-06-15,24.0,24.01,23.67,23.74,49410200
2011-06-14,24.3,24.45,24.19,24.22,42894500
2011-06-13,23.79,24.19,23.7,24.040001,47572500
2011-06-10,24.02,24.02,23.69,23.71,49327200
2011-06-09,24.01,24.040001,23.82,23.96,42878700
2011-06-08,23.9,24.02,23.86,23.94,42205000
2011-06-07,24.09,24.17,23.9,24.059999,41112600
2011-06-06,23.89,24.25,23.77,24.01,54778700
2011-06-03,24.049999,24.14,23.84,23.91,60697700
2011-06-02,24.49,24.65,24.18,24.22,51487800
2011-06-01,24.99,25.1,24.37,24.43,74033500
2011-05-31,24.96,25.059999,24.7,25.01,60196300
2011-05-27,24.68,24.9,24.65,24.76,50251000
2011-05-26,24.35,25.030001,24.32,24.67,78016600
2011-05-25,24.17,24.31,24.16,24.19,34904200
2011-05-24,24.2,24.29,24.040001,24.15,47691800
2011-05-23,24.21,24.25,24.030001,24.17,52692500
2011-05-20,24.72,24.87,24.44,24.49,45451500
2011-05-19,24.85,24.88,24.5,24.72,37783600
2011-05-18,24.53,24.74,24.25,24.69,53931100
2011-05-17,24.4,24.7,24.27,24.52,82882100
2011-05-16,24.96,25.07,24.5,24.57,91350900
2011-05-13,25.28,25.32,24.95,25.030001,66812300
2011-05-12,25.35,25.39,25.1,25.32,77400000
2011-05-11,25.65,25.66,25.21,25.36,78600000
2011-05-10,25.38,25.85,25.25,25.67,120798700
2011-05-09,25.8,25.96,25.67,25.83,38696400
2011-05-06,26.07,26.22,25.75,25.87,55993000
2011-05-05,26.049999,26.08,25.68,25.79,55600000
2011-05-04,25.85,26.25,25.79,26.059999,73292300
2011-05-03,25.6,25.85,25.49,25.81,71892900
2011-05-02,25.94,26.0,25.48,25.66,89825600
2011-04-29,26.55,26.64,25.36,25.92,319317900
2011-04-28,26.46,26.87,26.4,26.71,80200000
2011-04-27,26.3,26.39,26.13,26.38,52689000
2011-04-26,25.74,26.44,25.67,26.19,69200000
2011-04-25,25.56,25.62,25.34,25.61,33525100
2011-04-21,25.79,25.89,25.36,25.52,46892300
2011-04-20,25.54,26.0,25.51,25.76,61608600
2011-04-19,25.0,25.17,24.87,25.15,38892400
2011-04-18,25.1,25.28,24.72,25.08,58045100
2011-04-15,25.46,25.56,25.18,25.37,65080400
2011-04-14,25.42,25.44,25.09,25.42,55239900
2011-04-13,25.65,25.87,25.56,25.63,38144700
2011-04-12,25.83,25.85,25.55,25.64,36920400
2011-04-11,26.19,26.25,25.8,25.98,34286300
2011-04-08,26.17,26.28,25.96,26.07,39887600
2011-04-07,26.19,26.26,25.97,26.2,46134700
2011-04-06,25.98,26.31,25.86,26.15,65581400
2011-04-05,25.82,26.18,25.74,25.78,73651100
2011-04-04,25.45,25.66,25.41,25.55,35433700
2011-04-01,25.53,25.53,25.31,25.48,63114200
2011-03-31,25.6,25.68,25.34,25.39,63233700
2011-03-30,25.6,25.72,25.5,25.61,41999300
2011-03-29,25.34,25.52,25.3,25.49,40763500
2011-03-28,25.66,25.72,25.38,25.41,48973200
2011-03-25,25.93,25.95,25.59,25.62,57029800
2011-03-24,25.6,25.87,25.5,25.81,38696700
2011-03-23,25.23,25.61,25.18,25.54,43969000
2011-03-22,25.3,25.46,25.23,25.3,30895600
2011-03-21,25.18,25.58,25.15,25.33,46878100
2011-03-18,25.059999,25.18,24.8,24.8,85486700
2011-03-17,25.059999,25.22,24.75,24.78,62497000
2011-03-16,25.22,25.28,24.68,24.79,100725400
2011-03-15,25.08,25.47,25.0,25.39,76067300
2011-03-14,25.49,25.76,25.35,25.69,54473400
2011-03-11,25.41,25.85,25.36,25.68,49905800
2011-03-10,25.62,25.71,25.35,25.41,66549500
2011-03-09,25.81,25.98,25.66,25.89,39789100
2011-03-08,25.77,26.02,25.65,25.91,50549800
2011-03-07,26.13,26.27,25.55,25.72,64980400
2011-03-04,26.22,26.24,25.8,25.95,70437200
2011-03-03,26.26,26.4,26.18,26.2,68271500
2011-03-02,26.11,26.37,26.040001,26.08,48658200
2011-03-01,26.6,26.78,26.15,26.16,60055000
2011-02-28,26.69,26.86,26.51,26.58,51379900
2011-02-25,26.91,26.95,26.5,26.55,53006300
2011-02-24,26.64,27.059999,26.5,26.77,64494200
2011-02-23,26.53,26.86,26.43,26.59,60234100
2011-02-22,26.78,27.1,26.52,26.59,60889000
2011-02-18,27.13,27.21,26.99,27.059999,68667800
2011-02-17,26.97,27.37,26.91,27.21,57207300
2011-02-16,27.049999,27.07,26.6,27.02,70817900
2011-02-15,27.040001,27.33,26.95,26.96,44116500
2011-02-14,27.21,27.27,26.95,27.23,56766200
2011-02-11,27.76,27.81,27.07,27.25,83939700
2011-02-10,27.93,27.94,27.29,27.5,76672400
2011-02-09,28.19,28.26,27.91,27.97,52905100
2011-02-08,28.1,28.34,28.049999,28.28,34904200
2011-02-07,27.8,28.34,27.79,28.2,68980900
2011-02-04,27.7,27.84,27.51,27.77,40412200
2011-02-03,27.97,27.97,27.54,27.65,60340100
2011-02-02,27.93,28.11,27.88,27.94,45824000
2011-02-01,27.8,28.059999,27.61,27.99,62810700
2011-01-31,27.77,27.9,27.42,27.73,65029000
2011-01-28,28.9,28.93,27.45,27.75,141249400
2011-01-27,28.75,29.46,28.49,28.87,146938600
2011-01-26,28.51,28.99,28.5,28.78,74628800
2011-01-25,28.14,28.45,28.12,28.45,42436600
2011-01-24,28.02,28.56,27.99,28.38,52047800
2011-01-21,28.4,28.43,28.02,28.02,58080300
2011-01-20,28.5,28.55,28.13,28.35,58613600
2011-01-19,28.46,28.68,28.27,28.47,50005900
2011-01-18,28.16,28.74,28.14,28.66,53322700
2011-01-14,28.08,28.38,27.91,28.3,62688400
2011-01-13,28.33,28.39,28.01,28.19,67077600
2011-01-12,28.12,28.59,28.07,28.55,52631100
2011-01-11,28.2,28.25,28.049999,28.11,50298900
2011-01-10,28.26,28.4,28.040001,28.22,57573600
2011-01-07,28.64,28.74,28.25,28.6,73762000
2011-01-06,28.040001,28.85,27.86,28.82,88026300
2011-01-05,27.9,28.01,27.77,28.0,58998700
2011-01-04,27.94,28.17,27.85,28.09,54405600
2011-01-03,28.049999,28.18,27.92,27.98,53443800
2010-12-31,27.8,27.92,27.63,27.91,24752000
2010-12-30,27.92,28.0,27.78,27.85,20786100
2010-12-29,27.94,28.12,27.88,27.97,19502500
2010-12-28,27.97,28.17,27.96,28.01,23042200
2010-12-27,28.12,28.2,27.88,28.07,21652800
2010-12-23,27.97,28.32,27.96,28.3,24902500
2010-12-22,28.01,28.4,27.98,28.19,42252300
2010-12-21,27.85,28.14,27.76,28.07,38153000
2010-12-20,27.95,27.99,27.68,27.81,52811000
2010-12-17,27.92,28.09,27.75,27.9,87456500
2010-12-16,27.76,27.99,27.66,27.99,57680200
2010-12-15,27.53,27.99,27.53,27.85,69634200
2010-12-14,27.31,27.75,27.26,27.62,64070500
2010-12-13,27.27,27.45,27.17,27.25,47943900
2010-12-10,27.19,27.4,27.11,27.34,37625800
2010-12-09,27.28,27.34,27.01,27.08,47148300
2010-12-08,26.83,27.24,26.8,27.23,41666800
2010-12-07,27.08,27.13,26.85,26.87,57860500
2010-12-06,26.93,26.98,26.76,26.84,36264200
2010-12-03,26.81,27.059999,26.78,27.02,52622000
2010-12-02,26.24,26.98,26.2,26.89,91759200
2010-12-01,25.57,26.25,25.56,26.040001,74123500
2010-11-30,25.049999,25.47,25.0,25.26,75282100
2010-11-29,25.19,25.42,24.93,25.31,56603600
2010-11-26,25.21,25.41,25.17,25.25,21356500
2010-11-24,25.2,25.46,25.16,25.37,56825900
2010-11-23,25.57,25.6,25.09,25.12,69742500
2010-11-22,25.65,25.74,25.44,25.73,53350500
2010-11-19,25.8,25.83,25.6,25.69,52423200
2010-11-18,25.71,26.08,25.61,25.84,59514000
2010-11-17,25.9,25.91,25.55,25.57,58299700
2010-11-16,26.040001,26.040001,25.65,25.81,65339200
2010-11-15,26.33,26.5,26.17,26.2,51794600
2010-11-12,26.47,26.52,26.1,26.27,64962200
2010-11-11,26.68,26.72,26.28,26.68,62073100
2010-11-10,27.01,27.08,26.81,26.94,52277300
2010-11-09,26.81,27.11,26.71,26.95,58538600
2010-11-08,26.68,28.87,26.58,26.81,71670800
2010-11-05,27.17,27.19,26.53,26.85,110953700
2010-11-04,27.41,27.43,27.01,27.14,93599300
2010-11-03,27.46,27.49,26.96,27.030001,110255300
2010-11-02,27.059999,27.42,27.02,27.39,54402100
2010-11-01,26.88,27.22,26.7,26.95,61912100
2010-10-29,27.15,27.2,26.48,26.67,114193200
2010-10-28,26.21,26.38,25.92,26.28,80730300
2010-10-27,25.79,26.11,25.62,26.049999,64805500
2010-10-26,25.12,25.97,25.059999,25.9,69304200
2010-10-25,25.24,25.35,25.17,25.19,50912400
2010-10-22,25.52,25.54,25.27,25.38,25837900
2010-10-21,25.4,25.54,25.049999,25.42,50032400
2010-10-20,25.26,25.4,25.1,25.31,56283600
2010-10-19,25.27,25.37,24.95,25.1,66150900
2010-10-18,25.59,25.95,25.45,25.82,48330500
2010-10-15,25.36,25.55,25.23,25.54,68954800
2010-10-14,25.29,25.34,25.0,25.23,51949100
2010-10-13,25.02,25.54,24.89,25.34,75336500
2010-10-12,24.65,24.93,24.43,24.83,50141500
2010-10-11,24.74,24.74,24.5,24.59,27587800
2010-10-08,24.62,24.65,24.37,24.57,41327800
2010-10-07,24.62,24.75,24.28,24.53,50096100
2010-10-06,24.32,24.54,24.13,24.43,50489700
2010-10-05,24.059999,24.45,23.91,24.35,78152900
2010-10-04,23.96,23.99,23.78,23.91,98143400
2010-10-01,24.77,24.82,24.3,24.38,62672300
2010-09-30,24.61,24.83,24.36,24.49,61262700
2010-09-29,24.63,24.66,24.4,24.5,44318900
2010-09-28,24.8,24.9,24.35,24.68,56041200
2010-09-27,24.85,24.99,24.59,24.73,43603300
2010-09-24,24.64,24.8,24.58,24.78,51948800
2010-09-23,24.51,24.59,24.36,24.43,46201800
2010-09-22,24.89,24.97,24.36,24.61,94299400
2010-09-21,25.42,25.42,25.08,25.15,52675700
2010-09-20,25.28,25.52,25.11,25.43,49838700
2010-09-17,25.4,25.53,25.08,25.22,70341600
2010-09-16,25.059999,25.37,25.049999,25.33,44548300
2010-09-15,25.1,25.22,24.92,25.12,56201900
2010-09-14,25.040001,25.35,24.89,25.030001,87160400
2010-09-13,24.2,25.29,24.09,25.11,114680400
2010-09-10,23.98,24.030001,23.79,23.85,58284300
2010-09-09,24.19,24.21,23.99,24.01,46028900
2010-09-08,24.07,24.2,23.74,23.93,65512400
2010-09-07,24.1,24.3,23.92,23.96,51928700
2010-09-03,24.24,24.45,24.2,24.29,64189100
2010-09-02,23.88,23.95,23.71,23.94,48837100
2010-09-01,23.67,23.95,23.54,23.9,65235900
2010-08-31,23.6,23.73,23.32,23.47,66074600
2010-08-30,23.74,23.82,23.6,23.64,45453100
2010-08-27,23.88,24.02,23.51,23.93,60939400
2010-08-26,24.09,24.19,23.79,23.82,49105300
2010-08-25,24.0,24.22,23.87,24.1,47404800
2010-08-24,24.09,24.35,24.0,24.040001,66522500
2010-08-23,24.44,24.64,24.24,24.28,51643000
2010-08-20,24.31,24.4,24.2,24.23,49560100
2010-08-19,24.62,24.74,24.21,24.44,54064600
2010-08-18,24.68,24.95,24.41,24.82,46818900
2010-08-17,24.71,24.96,24.6,24.71,52912600
2010-08-16,24.36,24.61,24.3,24.5,40909700
2010-08-13,24.35,24.67,24.24,24.4,45263500
2010-08-12,24.42,24.68,24.36,24.49,70240500
2010-08-11,24.68,24.9,24.56,24.86,76746900
2010-08-10,25.33,25.34,24.88,25.07,87257700
2010-08-09,25.55,25.73,25.37,25.61,57096500
2010-08-06,25.18,25.56,25.02,25.55,55982100
2010-08-05,25.49,25.58,25.21,25.37,64922100
2010-08-04,26.15,26.24,25.44,25.73,78531900
2010-08-03,26.2,26.35,25.97,26.16,56877700
2010-08-02,25.99,26.38,25.75,26.33,55044600
2010-07-30,25.75,25.84,25.35,25.81,83534800
2010-07-29,26.13,26.41,25.6,26.030001,69446200
2010-07-28,26.07,26.19,25.83,25.95,69704800
2010-07-27,26.14,26.24,25.96,26.16,60672100
2010-07-26,25.86,26.2,25.8,26.1,67249900
2010-07-23,25.84,26.02,25.25,25.81,108520100
2010-07-22,25.51,25.99,25.47,25.84,73016400
2010-07-21,25.6,25.65,24.98,25.12,73297300
2010-07-20,24.86,25.48,24.7,25.48,45530700
2010-07-19,24.96,25.3,24.91,25.23,38181800
2010-07-16,25.51,25.64,24.88,24.89,65064800
2010-07-15,25.5,25.59,24.98,25.51,56934700
2010-07-14,25.5,25.61,25.12,25.44,72808100
2010-07-13,25.14,25.3,24.9,25.13,61928700
2010-07-12,24.43,24.89,24.42,24.83,49854200
2010-07-09,24.33,24.41,24.15,24.27,53806100
2010-07-08,24.6,24.62,23.97,24.41,50758100
2010-07-07,23.82,24.32,23.61,24.3,79965300
2010-07-06,23.7,24.09,23.58,23.82,73592000
2010-07-02,23.36,23.48,23.049999,23.27,62485100
2010-07-01,23.09,23.32,22.73,23.16,92239400
2010-06-30,23.3,23.68,22.95,23.01,81050500
2010-06-29,24.13,24.2,23.11,23.31,119882100
2010-06-28,24.51,24.61,24.12,24.31,73784800
2010-06-25,25.049999,25.11,24.31,24.53,156256700
2010-06-24,25.46,25.72,24.93,25.0,85243400
2010-06-23,25.78,25.78,25.22,25.31,61466200
2010-06-22,26.16,26.45,25.76,25.77,55985400
2010-06-21,26.78,26.89,25.89,25.95,54625300
2010-06-18,26.37,26.53,26.17,26.44,52075600
2010-06-17,26.56,26.67,26.040001,26.37,47995500
2010-06-16,26.47,26.58,26.23,26.32,48698000
2010-06-15,25.75,26.65,25.74,26.58,81641500
2010-06-14,25.86,25.96,25.47,25.5,50972400
2010-06-11,25.040001,25.72,24.77,25.66,68057700
2010-06-10,25.13,25.15,24.78,25.0,78930900
2010-06-09,25.22,25.52,24.75,24.79,87794000
2010-06-08,25.25,25.26,24.65,25.11,87355000
2010-06-07,25.82,25.83,25.24,25.29,80456200
2010-06-04,26.1,26.57,25.62,25.79,89832200
2010-06-03,26.55,26.93,26.41,26.86,67837000
2010-06-02,26.059999,26.48,25.73,26.46,65718800
2010-06-01,25.53,26.31,25.52,25.89,76152400
2010-05-28,25.84,26.12,25.66,25.8,67496900
2010-05-27,25.73,26.36,25.73,26.0,136433600
2010-05-26,26.23,26.61,24.56,25.01,176684100
2010-05-25,25.65,26.33,25.38,26.07,98373600
2010-05-24,26.85,26.86,26.26,26.27,73711700
2010-05-21,26.63,27.11,26.44,26.84,117596300
2010-05-20,27.65,27.84,27.040001,27.11,87991100
2010-05-19,28.52,28.69,27.79,28.24,61746700
2010-05-18,28.87,29.0,28.4,28.6,52690600
2010-05-17,29.12,29.23,28.45,28.94,46053300
2010-05-14,29.2,29.21,28.64,28.93,63334000
2010-05-13,29.26,29.73,29.18,29.24,45188800
2010-05-12,28.98,29.58,28.92,29.44,47146800
2010-05-11,28.68,29.65,28.57,28.88,63789400
2010-05-10,29.01,29.48,28.71,28.94,86653300
2010-05-07,28.93,28.95,27.32,28.21,173718100
2010-05-06,29.59,29.88,27.91,28.98,128613000
2010-05-05,29.77,30.09,29.69,29.85,66833800
2010-05-04,30.52,30.55,29.75,30.13,82085600
2010-05-03,30.67,31.059999,30.58,30.86,43989500
2010-04-30,31.07,31.08,30.52,30.54,63214800
2010-04-29,30.93,31.43,30.67,31.0,52665200
2010-04-28,30.92,31.0,30.62,30.91,64557900
2010-04-27,30.95,31.25,30.75,30.85,68730900
2010-04-26,31.0,31.28,30.86,31.11,63649300
2010-04-23,31.12,31.58,30.65,30.96,126766600
2010-04-22,31.040001,31.53,30.9,31.39,84847600
2010-04-21,31.33,31.5,31.23,31.33,55343100
2010-04-20,31.22,31.44,31.13,31.36,52199500
2010-04-19,30.77,31.25,30.76,31.040001,64970300
2010-04-16,30.79,30.98,30.6,30.67,88703100
2010-04-15,30.82,30.95,30.71,30.87,52745400
2010-04-14,30.79,31.0,30.66,30.82,68941200
2010-04-13,30.15,30.5,30.13,30.45,41374600
2010-04-12,30.25,30.49,30.21,30.32,37068800
2010-04-09,29.95,30.41,29.9,30.34,54752500
2010-04-08,29.32,29.98,29.3,29.92,63713800
2010-04-07,29.16,29.56,29.14,29.35,58318800
2010-04-06,29.15,29.58,28.98,29.32,47366800
2010-04-05,29.13,29.43,29.030001,29.27,34331200
2010-04-01,29.35,29.54,28.62,29.16,74768100
2010-03-31,29.64,29.72,29.17,29.29,63760000
2010-03-30,29.63,29.86,29.5,29.77,34954800
2010-03-29,29.71,29.82,29.55,29.59,33336000
2010-03-26,30.09,30.2,29.59,29.66,55595500
2010-03-25,29.83,30.57,29.8,30.01,73168700
2010-03-24,29.72,29.85,29.6,29.65,33987700
2010-03-23,29.59,29.9,29.41,29.88,42026600
2010-03-22,29.5,29.7,29.39,29.6,37718200
2010-03-19,29.76,29.9,29.35,29.59,81332100
2010-03-18,29.63,29.72,29.5,29.61,43845200
2010-03-17,29.5,29.87,29.4,29.63,50385700
2010-03-16,29.42,29.49,29.2,29.37,36723500
2010-03-15,29.18,29.37,29.01,29.29,37512000
2010-03-12,29.32,29.38,29.040001,29.27,31700200
2010-03-11,28.89,29.19,28.85,29.18,35349700
2010-03-10,28.86,29.11,28.8,28.97,44891400
2010-03-09,28.56,29.11,28.55,28.8,50271600
2010-03-08,28.52,28.93,28.5,28.63,39414500
2010-03-05,28.66,28.68,28.42,28.59,56001800
2010-03-04,28.46,28.65,28.27,28.63,42890600
2010-03-03,28.51,28.61,28.35,28.46,48442100
2010-03-02,29.08,29.3,28.24,28.46,93123900
2010-03-01,28.77,29.049999,28.53,29.02,43805400
2010-02-26,28.65,28.85,28.51,28.67,40370600
2010-02-25,28.27,28.65,28.02,28.6,48735300
2010-02-24,28.52,28.79,28.38,28.63,43165900
2010-02-23,28.68,28.83,28.09,28.33,52266200
2010-02-22,28.84,28.94,28.65,28.73,36707100
2010-02-19,28.79,28.92,28.69,28.77,44451800
2010-02-18,28.59,29.030001,28.51,28.97,42856500
2010-02-17,28.53,28.65,28.36,28.59,45882900
2010-02-16,28.13,28.37,28.02,28.35,51935600
2010-02-12,27.81,28.059999,27.58,27.93,81117200
2010-02-11,27.93,28.4,27.7,28.12,65993700
2010-02-10,28.030001,28.24,27.84,27.99,48591300
2010-02-09,27.97,28.34,27.75,28.01,59195800
2010-02-08,28.01,28.08,27.57,27.72,52820600
2010-02-05,28.0,28.28,27.57,28.02,80960100
2010-02-04,28.38,28.5,27.81,27.84,77850000
2010-02-03,28.26,28.79,28.12,28.63,61397900
2010-02-02,28.37,28.5,28.14,28.46,54413700
2010-02-01,28.39,28.48,27.92,28.41,85931100
2010-01-29,29.9,29.92,27.66,28.18,193888500
2010-01-28,29.84,29.87,28.89,29.16,117513700
2010-01-27,29.35,29.82,29.02,29.67,63949500
2010-01-26,29.2,29.85,29.09,29.5,66639900
2010-01-25,29.24,29.66,29.1,29.32,63373000
2010-01-22,30.0,30.2,28.84,28.96,102004600
2010-01-21,30.61,30.72,30.0,30.01,73086700
2010-01-20,30.81,30.94,30.31,30.59,54849500
2010-01-19,30.75,31.24,30.68,31.1,46575700
2010-01-15,31.08,31.24,30.71,30.86,79913200
2010-01-14,30.31,31.1,30.26,30.96,63228100
2010-01-13,30.26,30.52,30.01,30.35,51863500
2010-01-12,30.15,30.4,29.91,30.07,65912100
2010-01-11,30.71,30.76,30.12,30.27,68754700
2010-01-08,30.28,30.88,30.24,30.66,51197400
2010-01-07,30.63,30.7,30.19,30.45,50559700
2010-01-06,30.88,31.08,30.52,30.77,58182400
2010-01-05,30.85,31.1,30.64,30.96,49749600
2010-01-04,30.62,31.1,30.59,30.95,38409100
2009-12-31,30.98,30.99,30.48,30.48,31929700
2009-12-30,31.15,31.29,30.8,30.96,42006200
2009-12-29,31.35,31.5,31.23,31.39,29716200
2009-12-28,31.0,31.18,30.89,31.17,25384000
2009-12-24,30.88,31.0,30.76,31.0,11083900
2009-12-23,30.71,30.95,30.69,30.92,28362700
2009-12-22,30.6,30.93,30.54,30.82,36321000
2009-12-21,30.4,30.84,30.37,30.52,40129100
2009-12-18,29.84,30.45,29.8,30.36,94118000
2009-12-17,29.95,29.96,29.57,29.6,43691200
2009-12-16,30.07,30.41,30.040001,30.1,55737800
2009-12-15,29.89,30.21,29.88,30.02,49473200
2009-12-14,29.91,30.16,29.9,30.11,34651200
2009-12-11,29.97,30.0,29.79,29.85,43744200
2009-12-10,29.71,29.96,29.66,29.87,45940200
2009-12-09,29.47,29.81,29.25,29.71,44713300
2009-12-08,29.52,29.74,29.38,29.57,37402200
2009-12-07,29.78,30.08,29.68,29.79,38082700
2009-12-04,30.049999,30.37,29.83,29.98,58810700
2009-12-03,29.84,30.2,29.76,29.83,43095200
2009-12-02,29.9,29.99,29.65,29.78,36308600
2009-12-01,29.52,30.049999,29.41,30.01,49904200
2009-11-30,29.15,29.45,29.0,29.41,44172000
2009-11-27,29.11,29.39,28.75,29.22,29357900
2009-11-25,29.81,29.86,29.58,29.79,32033500
2009-11-24,29.95,29.99,29.75,29.91,37341400
2009-11-23,29.84,30.01,29.7,29.94,41832700
2009-11-20,29.66,29.77,29.43,29.62,42647100
2009-11-19,29.99,30.0,29.7,29.78,51967700
2009-11-18,30.0,30.14,29.81,30.11,59431200
2009-11-17,29.5,30.0,29.47,30.0,75648900
2009-11-16,29.61,29.8,29.37,29.54,54129500
2009-11-13,29.47,29.79,29.37,29.63,53037600
2009-11-12,29.01,29.49,29.0,29.36,55352400
2009-11-11,29.08,29.3,29.02,29.12,49693400
2009-11-10,28.9,29.28,28.81,29.01,65881100
2009-11-09,28.62,29.0,28.53,28.99,57518000
2009-11-06,28.38,28.63,28.2,28.52,38908500
2009-11-05,28.52,28.74,28.28,28.47,52681700
2009-11-04,27.69,28.39,27.62,28.059999,63898400
2009-11-03,27.64,27.74,27.43,27.53,50294800
2009-11-02,27.7,28.049999,27.41,27.88,62428900
2009-10-30,28.030001,28.4,27.66,27.73,73371800
2009-10-29,28.07,28.41,27.85,28.22,65225500
2009-10-28,28.24,28.77,27.95,28.02,73542400
2009-10-27,28.73,28.88,28.44,28.59,69685800
2009-10-26,28.13,29.02,28.11,28.68,124149700
2009-10-23,29.2,29.35,27.88,28.02,281761000
2009-10-22,26.56,26.72,26.13,26.59,61600000
2009-10-21,26.46,26.75,26.39,26.58,61672700
2009-10-20,26.42,26.51,25.94,26.37,54604700
2009-10-19,26.49,26.58,26.25,26.36,48143200
2009-10-16,26.45,26.63,26.1,26.5,56500900
2009-10-15,25.9,26.71,25.9,26.71,65620100
2009-10-14,26.14,26.2,25.82,25.96,45365500
2009-10-13,25.59,25.94,25.52,25.81,37749000
2009-10-12,25.66,25.89,25.55,25.72,29145800
2009-10-09,25.57,25.79,25.46,25.55,39520000
2009-10-08,25.44,25.9,25.22,25.67,60521300
2009-10-07,24.99,25.18,24.88,25.1,38472700
2009-10-06,24.68,25.21,24.66,25.11,48795300
2009-10-05,24.98,25.059999,24.52,24.64,60804900
2009-10-02,24.46,25.09,24.43,24.96,51219700
2009-10-01,25.41,25.47,24.8,24.88,75958100
2009-09-30,25.76,25.99,25.38,25.72,63533400
2009-09-29,25.91,25.96,25.69,25.75,39050300
2009-09-28,25.6,26.16,25.6,25.83,44358000
2009-09-25,25.69,25.82,25.52,25.55,50158900
2009-09-24,25.92,26.11,25.66,25.94,56302900
2009-09-23,25.92,26.25,25.64,25.71,60599900
2009-09-22,25.4,25.82,25.29,25.77,61376700
2009-09-21,25.11,25.37,25.1,25.3,28878700
2009-09-18,25.46,25.48,25.1,25.26,68016500
2009-09-17,25.059999,25.38,25.059999,25.3,42428800
2009-09-16,25.25,25.35,24.95,25.2,50055800
2009-09-15,24.97,25.27,24.86,25.2,44716600
2009-09-14,24.65,25.09,24.64,25.0,42806800
2009-09-11,24.93,25.17,24.81,24.86,54303500
2009-09-10,24.8,25.049999,24.65,25.0,46256000
2009-09-09,24.74,24.95,24.67,24.78,49900300
2009-09-08,24.62,24.84,24.41,24.82,53737100
2009-09-04,24.09,24.8,24.08,24.62,44999700
2009-09-03,23.91,24.14,23.76,24.11,34120000
2009-09-02,23.82,24.14,23.78,23.86,40771300
2009-09-01,24.35,24.74,23.9,24.0,62608500
2009-08-31,24.57,24.85,24.29,24.65,49592800
2009-08-28,25.07,25.49,24.61,24.68,55808000
2009-08-27,24.41,24.78,24.3,24.69,45495600
2009-08-26,24.59,24.75,24.42,24.55,41079000
2009-08-25,24.6,24.82,24.46,24.64,43980300
2009-08-24,24.41,24.73,24.28,24.64,54180900
2009-08-21,23.93,24.42,23.77,24.41,69011400
2009-08-20,23.6,23.87,23.54,23.67,39505900
2009-08-19,23.25,23.72,23.25,23.65,41821300
2009-08-18,23.29,23.65,23.27,23.58,38878900
2009-08-17,23.32,23.6,23.23,23.25,42474400
2009-08-14,23.62,23.8,23.51,23.69,46330200
2009-08-13,23.63,23.85,23.4,23.62,38954500
2009-08-12,23.13,23.9,23.030001,23.53,61972300
2009-08-11,23.32,23.4,23.049999,23.13,33615800
2009-08-10,23.46,23.55,23.3,23.42,35261900
2009-08-07,23.75,23.82,23.5,23.56,46169700
2009-08-06,23.93,23.98,23.27,23.46,59686000
2009-08-05,23.84,24.25,23.79,23.81,53310300
2009-08-04,23.68,23.79,23.53,23.77,49218300
2009-08-03,23.82,23.86,23.5,23.83,46902900
2009-07-31,23.77,24.07,23.5,23.52,54258200
2009-07-30,24.2,24.43,23.71,23.81,67820000
2009-07-29,23.73,23.91,23.34,23.8,73626900
2009-07-28,22.99,23.55,22.9,23.47,70288400
2009-07-27,23.44,23.45,22.9,23.11,80950000
2009-07-24,23.61,23.89,22.81,23.45,215135700
2009-07-23,24.93,25.72,24.84,25.56,106060500
2009-07-22,24.7,24.9,24.51,24.8,66192500
2009-07-21,24.69,24.83,24.37,24.83,52028400
2009-07-20,24.44,24.53,24.15,24.53,47798000
2009-07-17,24.4,24.45,24.1,24.29,52860100
2009-07-16,23.93,24.44,23.86,24.44,64555100
2009-07-15,23.75,24.12,23.56,24.12,67238700
2009-07-14,23.2,23.22,22.86,23.11,45448700
2009-07-13,22.42,23.29,22.14,23.23,67584000
2009-07-10,22.19,22.54,22.15,22.39,43229200
2009-07-09,22.65,22.81,22.37,22.44,46981200
2009-07-08,22.31,22.69,22.0,22.56,73023400
2009-07-07,23.08,23.14,22.46,22.53,52842500
2009-07-06,23.21,23.28,22.87,23.2,49207700
2009-07-02,23.76,24.040001,23.21,23.37,65422200
2009-07-01,24.049999,24.3,23.96,24.040001,54908400
2009-06-30,23.97,24.24,23.63,23.77,66452400
2009-06-29,23.6,24.030001,23.55,23.86,62854900
2009-06-26,23.57,23.69,23.32,23.35,65126400
2009-06-25,23.43,23.92,23.2,23.79,57724300
2009-06-24,23.45,23.75,23.36,23.47,54287700
2009-06-23,23.38,23.66,23.21,23.34,56752700
2009-06-22,23.95,23.95,23.25,23.28,71291600
2009-06-19,24.040001,24.34,23.75,24.07,115459000
2009-06-18,23.62,23.69,23.3,23.5,58852200
2009-06-17,23.5,23.82,23.17,23.68,86483100
2009-06-16,23.47,24.11,23.44,23.45,105295600
2009-06-15,23.23,23.54,23.02,23.42,69089600
2009-06-12,22.9,23.38,22.74,23.33,50963500
2009-06-11,22.59,23.26,22.57,22.83,65124600
2009-06-10,22.17,22.62,22.12,22.55,61297200
2009-06-09,22.059999,22.32,21.88,22.08,50887700
2009-06-08,21.98,22.32,21.63,22.049999,49000600
2009-06-05,21.96,22.31,21.81,22.14,59579200
2009-06-04,21.77,21.9,21.58,21.83,42330000
2009-06-03,21.31,21.76,21.29,21.73,56039600
2009-06-02,21.36,21.98,21.2,21.4,48935700
2009-06-01,21.0,21.5,20.86,21.4,57317100
2009-05-29,20.56,20.94,20.3,20.89,46134900
2009-05-28,20.32,20.63,20.049999,20.45,45480800
2009-05-27,20.25,20.6,20.07,20.13,42892900
2009-05-26,19.54,20.45,19.45,20.34,44991700
2009-05-22,19.93,20.17,19.47,19.75,37318700
2009-05-21,20.14,20.23,19.51,19.82,58232800
2009-05-20,20.41,20.69,20.22,20.38,47450700
2009-05-19,20.51,20.74,20.25,20.31,51368300
2009-05-18,20.36,20.6,20.24,20.6,46073800
2009-05-15,20.13,20.5,19.98,20.22,61289900
2009-05-14,19.83,20.23,19.8,20.059999,54539500
2009-05-13,19.92,20.0,19.67,19.75,49281700
2009-05-12,19.51,20.059999,19.47,19.89,71966800
2009-05-11,19.2,19.73,19.01,19.32,63762600
2009-05-08,19.46,19.64,19.14,19.42,67597600
2009-05-07,19.96,19.99,19.14,19.32,68727200
2009-05-06,20.059999,20.07,19.61,19.79,59639100
2009-05-05,20.14,20.24,19.64,19.79,66835500
2009-05-04,20.37,20.4,19.98,20.19,54313400
2009-05-01,20.19,20.35,19.86,20.24,63224500
2009-04-30,20.6,21.1,20.01,20.26,87439900
2009-04-29,20.11,20.89,20.059999,20.25,79301600
2009-04-28,20.25,20.27,19.79,19.93,76685200
2009-04-27,20.55,20.82,20.28,20.4,68219600
2009-04-24,19.82,21.2,19.5,20.91,168478500
2009-04-23,18.92,18.94,18.47,18.92,86116300
2009-04-22,18.76,19.19,18.7,18.78,59401000
2009-04-21,18.59,19.08,18.57,18.97,60928300
2009-04-20,18.89,18.95,18.57,18.61,62937200
2009-04-17,19.69,19.69,19.0,19.2,61398500
2009-04-16,19.16,19.78,18.99,19.76,67688700
2009-04-15,19.21,19.25,18.51,18.83,72725500
2009-04-14,19.44,19.55,19.0,19.35,63796300
2009-04-13,19.69,19.85,19.37,19.59,44444700
2009-04-09,19.45,19.7,19.22,19.67,55759600
2009-04-08,18.97,19.62,18.96,19.19,56408900
2009-04-07,18.76,19.14,18.63,18.76,65815200
2009-04-06,18.54,18.76,18.27,18.76,47476100
2009-04-03,19.13,19.15,18.43,18.75,81858400
2009-04-02,19.5,19.89,19.0,19.29,99082300
2009-04-01,18.23,19.36,18.18,19.31,96438900
2009-03-31,17.83,18.79,17.78,18.37,92423300
2009-03-30,17.74,17.76,17.27,17.48,49633000
2009-03-27,18.54,18.62,18.049999,18.13,47670400
2009-03-26,18.17,18.88,18.12,18.83,63775100
2009-03-25,17.98,18.31,17.52,17.88,73927100
2009-03-24,18.040001,18.21,17.84,17.93,50044100
2009-03-23,17.37,18.59,17.31,18.33,71600000
2009-03-20,17.32,17.65,16.88,17.059999,81725500
2009-03-19,17.37,17.45,16.92,17.14,58994600
2009-03-18,17.030001,17.22,16.6,16.96,70710700
2009-03-17,16.32,16.9,16.26,16.9,62481000
2009-03-16,16.82,16.96,16.24,16.25,67028900
2009-03-13,16.98,17.049999,16.18,16.65,82965800
2009-03-12,17.01,17.040001,16.48,17.01,93694100
2009-03-11,16.63,17.2,16.43,17.11,84522200
2009-03-10,15.37,16.62,15.25,16.48,95184200
2009-03-09,15.2,15.74,15.1,15.15,66479100
2009-03-06,15.35,15.62,14.87,15.28,92821400
2009-03-05,15.86,15.88,15.27,15.27,89708500
2009-03-04,16.12,16.4,15.89,16.12,69285100
2009-03-03,16.030001,16.24,15.64,15.88,80476600
2009-03-02,15.96,16.25,15.72,15.79,80602100
2009-02-27,16.29,16.52,16.1,16.15,93428000
2009-02-26,17.049999,17.08,16.42,16.42,83219500
2009-02-25,17.01,17.24,16.46,16.96,105894600
2009-02-24,17.030001,17.35,16.36,17.17,122674500
2009-02-23,18.02,18.15,17.16,17.21,70803400
2009-02-20,17.77,18.19,17.66,18.0,69413800
2009-02-19,18.3,18.38,17.81,17.91,49195600
2009-02-18,18.22,18.45,18.0,18.12,54946900
2009-02-17,18.49,18.5,17.89,18.09,75853300
2009-02-13,19.27,19.47,19.040001,19.09,47416000
2009-02-12,18.97,19.32,18.54,19.26,75323200
2009-02-11,18.94,19.49,18.92,19.21,58599000
2009-02-10,19.25,19.8,18.7,18.8,83953200
2009-02-09,19.64,19.77,19.26,19.44,52196400
2009-02-06,19.16,19.93,19.059999,19.66,86746000
2009-02-05,18.51,19.14,18.25,19.040001,75195200
2009-02-04,18.54,19.0,18.5,18.63,75618000
2009-02-03,17.85,18.61,17.6,18.5,86865100
2009-02-02,17.030001,18.13,17.0,17.83,88871700
2009-01-30,17.74,17.79,17.1,17.1,62370900
2009-01-29,17.78,17.96,17.56,17.59,49192800
2009-01-28,17.8,18.31,17.76,18.040001,64145500
2009-01-27,17.78,17.97,17.43,17.66,61695000
2009-01-26,17.29,17.81,17.23,17.63,92476500
2009-01-23,16.97,17.49,16.75,17.2,117020600
2009-01-22,18.049999,18.18,17.07,17.11,222436600
2009-01-21,18.87,19.45,18.46,19.38,68340900
2009-01-20,19.46,19.62,18.37,18.48,89873000
2009-01-16,19.63,19.91,19.15,19.71,79634100
2009-01-15,19.07,19.3,18.52,19.24,96169800
2009-01-14,19.53,19.68,19.01,19.09,80257500
2009-01-13,19.52,19.99,19.52,19.82,65843500
2009-01-12,19.71,19.79,19.3,19.47,52163500
2009-01-09,20.17,20.3,19.41,19.52,49815300
2009-01-08,19.63,20.19,19.55,20.12,70255400
2009-01-07,20.19,20.29,19.48,19.51,72709900
2009-01-06,20.75,21.0,20.61,20.76,58083400
2009-01-05,20.2,20.67,20.059999,20.52,61475200
2009-01-02,19.53,20.4,19.37,20.33,50084000
2008-12-31,19.31,19.68,19.27,19.44,46419000
2008-12-30,19.01,19.49,19.0,19.34,43224100
2008-12-29,19.15,19.21,18.64,18.96,58512800
2008-12-26,19.2,19.33,19.09,19.13,23101000
2008-12-24,19.26,19.45,19.1,19.17,16880400
2008-12-23,19.28,19.57,19.01,19.28,47511400
2008-12-22,19.24,19.29,18.89,19.18,58575400
2008-12-19,19.42,19.8,19.11,19.12,113530400
2008-12-18,19.86,20.02,18.99,19.3,80759200
2008-12-17,19.81,20.049999,19.5,19.66,78922700
2008-12-16,19.21,20.18,19.0,20.11,97688700
2008-12-15,19.34,19.44,18.89,19.040001,59925900
2008-12-12,19.15,19.85,18.7,19.36,78112600
2008-12-11,20.11,20.12,19.31,19.45,83564300
2008-12-10,20.82,20.96,20.3,20.61,61499000
2008-12-09,20.62,21.25,20.46,20.6,80484900
2008-12-08,20.35,21.25,20.14,21.01,107225000
2008-12-05,18.91,19.98,18.47,19.87,91996200
2008-12-04,19.4,19.92,18.79,19.11,78719200
2008-12-03,18.65,19.9,18.6,19.87,80961500
2008-12-02,18.99,19.31,18.56,19.15,79689800
2008-12-01,19.88,19.95,18.6,18.61,79639900
2008-11-28,20.23,20.31,20.02,20.22,28650800
2008-11-26,19.73,20.68,19.73,20.49,79678300
2008-11-25,20.86,20.93,19.55,19.99,92948100
2008-11-24,19.89,20.94,19.87,20.69,125289900
2008-11-21,18.02,19.7,17.98,19.68,157231900
2008-11-20,18.12,18.84,17.5,17.53,139532800
2008-11-19,19.63,19.95,18.25,18.29,103010500
2008-11-18,19.5,19.66,18.75,19.62,108966500
2008-11-17,19.74,20.24,19.15,19.32,97289000
2008-11-14,20.56,21.34,19.65,20.059999,96624500
2008-11-13,20.15,21.25,18.74,21.25,148413700
2008-11-12,20.89,21.0,20.28,20.3,90162300
2008-11-11,21.29,21.3,20.79,21.2,78014500
2008-11-10,21.85,21.97,21.19,21.3,67106800
2008-11-07,21.32,21.54,21.0,21.5,71256300
2008-11-06,21.87,22.08,20.86,20.88,95509700
2008-11-05,23.33,23.34,22.049999,22.08,81179700
2008-11-04,23.13,23.66,22.87,23.53,72123000
2008-11-03,22.48,22.91,22.21,22.62,61923500
2008-10-31,22.53,22.91,22.12,22.33,93055200
2008-10-30,23.69,23.88,22.39,22.63,95323000
2008-10-29,23.13,23.97,22.7,23.0,111701800
2008-10-28,21.64,23.21,21.34,23.1,134088800
2008-10-27,21.67,21.96,21.02,21.18,117683900
2008-10-24,21.059999,22.86,20.95,21.96,153919700
2008-10-23,21.55,22.59,20.89,22.32,154774100
2008-10-22,23.040001,23.059999,20.9,21.53,150054800
2008-10-21,24.3,25.01,23.27,23.36,100385600
2008-10-20,24.2,24.75,23.01,24.72,93484300
2008-10-17,23.57,25.11,23.31,23.93,133673100
2008-10-16,22.94,24.19,21.31,24.19,161147800
2008-10-15,23.78,24.25,22.48,22.66,113280200
2008-10-14,25.64,25.73,23.6,24.1,165674900
2008-10-13,22.86,25.5,22.63,25.5,144935400
2008-10-10,21.79,22.35,20.65,21.5,228467500
2008-10-09,23.77,23.91,22.07,22.3,131948700
2008-10-08,22.9,24.3,22.5,23.01,171598600
2008-10-07,24.98,25.21,23.14,23.23,145941200
2008-10-06,25.63,25.99,24.14,24.91,146374600
2008-10-03,26.37,27.47,26.24,26.32,114289400
2008-10-02,26.18,26.53,25.7,26.25,93819800
2008-10-01,26.38,26.99,26.28,26.48,88957000
2008-09-30,25.77,26.69,25.54,26.69,107192700
2008-09-29,26.94,27.66,25.01,25.01,134383100
2008-09-26,26.17,27.56,26.14,27.4,100744300
2008-09-25,25.82,26.88,25.74,26.61,96203500
2008-09-24,25.58,26.09,25.46,25.72,80250300
2008-09-23,25.66,26.17,25.34,25.44,92181300
2008-09-22,26.22,26.32,25.32,25.4,105207700
2008-09-19,26.37,26.4,23.5,25.16,134926100
2008-09-18,24.8,25.35,24.01,25.26,132291300
2008-09-17,25.73,25.87,24.5,24.57,106972100
2008-09-16,26.09,26.49,25.52,25.99,111729700
2008-09-15,26.92,27.49,26.73,26.82,82349400
2008-09-12,27.14,27.74,26.94,27.62,75628500
2008-09-11,26.1,27.46,26.030001,27.34,72913300
2008-09-10,26.52,26.86,26.25,26.44,75064900
2008-09-09,26.2,26.6,26.049999,26.1,85735700
2008-09-08,26.21,26.33,25.67,26.12,62110800
2008-09-05,26.030001,26.22,25.63,25.65,82305200
2008-09-04,26.74,26.89,26.35,26.35,66141900
2008-09-03,27.0,27.18,26.84,26.9,57127700
2008-09-02,27.67,27.76,27.059999,27.1,66079200
2008-08-29,27.68,27.78,27.29,27.29,50735500
2008-08-28,27.61,28.01,27.6,27.94,48372600
2008-08-27,27.34,27.79,27.13,27.56,33975300
2008-08-26,27.58,27.72,27.17,27.27,44774400
2008-08-25,27.61,27.84,27.46,27.66,51381300
2008-08-22,27.23,27.88,27.22,27.84,47930400
2008-08-21,27.1,27.23,26.86,27.18,43614200
2008-08-20,27.54,27.58,27.17,27.29,41497200
2008-08-19,27.54,27.75,27.27,27.32,40332900
2008-08-18,27.78,28.049999,27.55,27.69,38078200
2008-08-15,27.98,28.15,27.58,27.81,47267400
2008-08-14,27.82,28.28,27.56,27.91,49732300
2008-08-13,28.07,28.5,27.76,27.91,51165200
2008-08-12,27.78,28.36,27.58,28.12,62813000
2008-08-11,27.86,28.4,27.66,27.9,68743800
2008-08-08,27.35,28.23,27.19,28.13,80814100
2008-08-07,26.9,27.75,26.73,27.39,82565800
2008-08-06,26.73,27.16,26.38,27.02,95550000
2008-08-05,25.64,26.28,25.5,26.21,84297600
2008-08-04,25.39,25.55,25.11,25.28,60588300
2008-08-01,25.92,25.95,25.07,25.44,82720200
2008-07-31,25.85,26.28,25.71,25.72,60461000
2008-07-30,26.2,26.49,25.9,26.23,51977700
2008-07-29,25.52,26.19,25.4,26.11,66368200
2008-07-28,26.059999,26.11,25.34,25.5,59707800
2008-07-25,25.64,26.22,25.5,26.16,58682300
2008-07-24,26.09,26.17,25.44,25.44,81092600
2008-07-23,25.86,26.84,25.85,26.43,79408800
2008-07-22,25.54,25.94,25.48,25.8,88657200
2008-07-21,25.66,26.17,25.53,25.64,77575600
2008-07-18,26.36,26.47,25.11,25.86,150277000
2008-07-17,27.58,27.91,27.11,27.52,96526100
2008-07-16,26.13,27.29,25.92,27.26,82060400
2008-07-15,24.93,26.64,24.93,26.15,92719300
2008-07-14,25.48,25.81,25.07,25.15,51216200
2008-07-11,25.16,25.64,24.87,25.25,69532600
2008-07-10,25.2,25.67,24.98,25.45,57830600
2008-07-09,25.79,25.85,25.18,25.23,54255800
2008-07-08,25.93,26.2,25.51,25.85,65553200
2008-07-07,26.11,26.39,25.45,26.030001,71527600
2008-07-03,25.97,26.1,25.6,25.98,37074500
2008-07-02,26.9,27.0,25.88,25.88,84669000
2008-07-01,27.27,27.38,26.44,26.87,100327800
2008-06-30,27.73,27.98,27.49,27.51,57830500
2008-06-27,27.68,27.91,27.46,27.63,73450200
2008-06-26,28.030001,28.2,27.75,27.75,67049100
2008-06-25,27.81,28.67,27.76,28.35,64280200
2008-06-24,27.92,28.01,27.51,27.73,65218300
2008-06-23,28.3,28.41,27.79,27.97,57145300
2008-06-20,28.9,28.92,28.1,28.23,97480400
2008-06-19,28.55,29.19,28.33,28.93,62037800
2008-06-18,28.55,28.86,28.46,28.46,49677800
2008-06-17,29.040001,29.12,28.79,28.8,44256700
2008-06-16,29.02,29.11,28.64,28.93,74718900
2008-06-13,28.63,29.57,28.5,29.07,131969100
2008-06-12,27.4,28.55,27.19,28.24,113996300
2008-06-11,27.85,27.94,27.11,27.12,59330800
2008-06-10,27.36,28.29,27.32,27.89,77433900
2008-06-09,27.65,27.91,27.3,27.71,66787100
2008-06-06,27.99,28.17,27.49,27.49,78500800
2008-06-05,27.72,28.3,27.6,28.3,76063400
2008-06-04,27.28,27.64,27.2,27.54,79567400
2008-06-03,27.91,28.31,27.27,27.31,86616700
2008-06-02,28.24,28.36,27.55,27.8,77028400
2008-05-30,28.38,28.7,28.2,28.32,63399200
2008-05-29,28.21,28.68,28.14,28.31,47699200
2008-05-28,28.56,28.57,28.040001,28.18,52318500
2008-05-27,28.11,28.5,28.049999,28.44,47334500
2008-05-23,28.26,28.33,27.95,28.049999,48890700
2008-05-22,28.28,28.7,28.18,28.47,52203100
2008-05-21,28.81,29.049999,28.19,28.25,60125100
2008-05-20,29.3,29.31,28.63,28.76,75767600
2008-05-19,29.87,29.89,29.31,29.46,59615000
2008-05-16,30.47,30.48,29.92,29.99,81538200
2008-05-15,29.98,30.53,29.94,30.45,53355800
2008-05-14,29.89,30.26,29.73,29.93,66730400
2008-05-13,30.0,30.13,29.53,29.78,70934700
2008-05-12,29.4,30.059999,29.35,29.99,64278800
2008-05-09,29.21,29.55,28.95,29.39,51621200
2008-05-08,29.28,29.39,29.0,29.27,69589900
2008-05-07,29.69,30.14,29.08,29.21,88775000
2008-05-06,29.0,29.86,28.93,29.7,93582000
2008-05-05,29.93,30.23,28.99,29.08,119687700
2008-05-02,29.59,29.62,28.86,29.24,66024200
2008-05-01,28.5,29.49,28.48,29.4,71699400
2008-04-30,28.74,29.21,28.51,28.52,74733600
2008-04-29,28.8,28.9,28.45,28.64,84428900
2008-04-28,29.8,29.84,28.82,28.99,97473000
2008-04-25,30.049999,30.39,29.6,29.83,145194900
2008-04-24,31.63,32.099998,31.16,31.8,115416700
2008-04-23,30.45,31.46,30.3,31.45,98351500
2008-04-22,30.64,30.7,29.97,30.25,67387500
2008-04-21,30.19,30.6,30.12,30.42,54411700
2008-04-18,30.01,30.1,29.61,30.0,73658900
2008-04-17,29.12,29.34,28.9,29.22,48743300
2008-04-16,28.57,29.049999,28.38,28.95,54107400
2008-04-15,28.12,28.48,28.030001,28.25,34310000
2008-04-14,28.24,28.31,27.93,28.059999,43418100
2008-04-11,28.87,29.01,28.21,28.28,54373700
2008-04-10,28.83,29.4,28.8,29.11,65591600
2008-04-09,28.72,29.040001,28.54,28.89,45839300
2008-04-08,28.94,29.0,28.54,28.75,44733500
2008-04-07,29.55,29.59,29.030001,29.16,44428600
2008-04-04,29.13,29.26,28.74,29.16,43860800
2008-04-03,29.0,29.32,28.8,29.0,38961400
2008-04-02,29.57,29.58,29.0,29.16,49499400
2008-04-01,28.83,29.54,28.63,29.5,65796200
2008-03-31,27.88,28.59,27.84,28.38,46780600
2008-03-28,28.23,28.43,27.83,27.91,49244000
2008-03-27,28.48,28.49,28.0,28.049999,47894400
2008-03-26,29.030001,29.07,28.38,28.56,45868100
2008-03-25,29.33,29.37,28.94,29.14,49149000
2008-03-24,29.33,29.4,29.059999,29.17,48294700
2008-03-20,28.74,29.22,28.59,29.18,60170200
2008-03-19,29.38,29.59,28.62,28.62,61442100
2008-03-18,28.67,29.48,28.67,29.42,83695300
2008-03-17,27.3,28.73,27.28,28.3,84490100
2008-03-14,28.72,29.01,27.64,27.96,105214900
2008-03-13,28.54,28.99,28.16,28.62,84552200
2008-03-12,29.43,29.49,28.54,28.63,75993800
2008-03-11,28.4,29.34,28.38,29.28,98740700
2008-03-10,27.83,28.26,27.75,28.049999,72175100
2008-03-07,27.34,28.07,27.32,27.87,77597600
2008-03-06,28.059999,28.17,27.5,27.57,91127700
2008-03-05,27.75,28.41,27.7,28.12,106489800
2008-03-04,27.02,27.63,26.96,27.59,86925600
2008-03-03,27.24,27.39,26.87,26.99,76544300
2008-02-29,27.69,27.83,27.02,27.2,117411400
2008-02-28,28.02,28.27,27.8,27.93,83002900
2008-02-27,28.19,28.68,28.1,28.26,75199500
2008-02-26,27.74,28.86,27.67,28.38,108923500
2008-02-25,27.65,28.24,27.48,27.84,109974300
2008-02-22,28.24,28.39,27.2,27.68,125705400
2008-02-21,28.62,28.96,27.96,28.1,98776500
2008-02-20,28.15,28.26,27.92,28.22,93056200
2008-02-19,28.8,28.84,28.07,28.17,68261200
2008-02-15,28.31,28.64,28.25,28.42,68166100
2008-02-14,28.88,29.040001,28.46,28.5,69113500
2008-02-13,28.62,29.049999,28.53,28.96,88986200
2008-02-12,28.43,28.62,28.11,28.34,84365900
2008-02-11,28.52,28.61,27.91,28.21,156814100
2008-02-08,28.29,29.08,28.24,28.56,124872000
2008-02-07,28.34,28.78,27.9,28.12,164964900
2008-02-06,29.28,29.35,28.29,28.52,138315600
2008-02-05,29.91,29.94,28.89,29.07,137534100
2008-02-04,30.49,30.72,30.11,30.19,119998600
2008-02-01,31.059999,33.25,30.25,30.45,291138900
2008-01-31,31.91,32.74,31.72,32.6,103642200
2008-01-30,32.56,32.8,32.049999,32.2,106432600
2008-01-29,32.85,32.89,32.35,32.6,68023000
2008-01-28,33.02,33.099998,32.42,32.72,81019000
2008-01-25,34.9,35.0,32.87,32.94,196992300
2008-01-24,32.35,33.36,32.12,33.25,155640400
2008-01-23,31.48,32.049999,31.040001,31.93,137597400
2008-01-22,31.54,32.53,31.5,31.96,108521400
2008-01-18,33.16,34.0,32.97,33.0099983,117062000
2008-01-17,33.54,33.8,32.97,33.11,94247800
2008-01-16,33.42,33.65,32.51,33.23,120778500
2008-01-15,34.029999,34.38,34.0,34.0,61606200
2008-01-14,34.46,34.57,34.080002,34.39,52792200
2008-01-11,34.14,34.24,33.72,33.91,55187900
2008-01-10,34.35,34.5,33.78,34.33,72446000
2008-01-09,33.36,34.54,33.35,34.44,74305500
2008-01-08,34.71,34.71,33.4,33.45,79148300
2008-01-07,34.55,34.8,34.25,34.61,80164300
2008-01-04,35.19,35.2,34.09,34.38,72090800
2008-01-03,35.22,35.65,34.86,35.37,49599600
2008-01-02,35.79,35.96,35.0,35.22,63004200
2007-12-31,35.9,35.99,35.52,35.6,35229700
2007-12-28,36.099998,36.23,35.67,36.12,33447200
2007-12-27,36.35,36.55,35.94,35.97,33311100
2007-12-26,36.41,36.64,36.26,36.61,30252400
2007-12-24,36.13,36.72,36.049999,36.58,29622600
2007-12-21,35.9,36.060001,35.75,36.060001,83240500
2007-12-20,35.29,35.79,35.080002,35.52,59345000
2007-12-19,34.69,35.14,34.38,34.79,58469100
2007-12-18,34.64,35.0,34.21,34.74,52791800
2007-12-17,35.029999,35.13,34.36,34.39,58121200
2007-12-14,35.049999,35.84,35.0099983,35.31,71126200
2007-12-13,34.48,35.45,34.28,35.22,73913200
2007-12-12,34.61,35.09,33.93,34.47,63345400
2007-12-11,34.73,34.99,33.93,34.099998,55070700
2007-12-10,34.64,34.95,34.47,34.76,36083500
2007-12-07,34.61,34.7,34.22,34.53,40771000
2007-12-06,34.26,34.61,33.87,34.55,49209700
2007-12-05,33.14,34.52,33.029999,34.15,84894700
2007-12-04,32.74,33.24,32.63,32.77,54801500
2007-12-03,33.5,33.64,32.68,32.92,61770600
2007-11-30,33.92,34.12,33.19,33.6,71027800
2007-11-29,33.58,33.93,33.31,33.59,53633600
2007-11-28,33.38,33.89,32.9,33.7,88585000
2007-11-27,33.27,33.6,32.68,33.060001,84178400
2007-11-26,34.09,34.37,32.93,32.97,80335000
2007-11-23,34.36,34.44,33.71,34.11,33467200
2007-11-21,34.4,34.73,34.18,34.23,89518700
2007-11-20,34.23,34.97,34.099998,34.58,100009400
2007-11-19,33.96,34.24,33.87,33.96,63026200
2007-11-16,33.86,34.26,33.71,34.09,71113800
2007-11-15,33.76,34.099998,33.55,33.76,64014100
2007-11-14,34.62,34.75,33.75,33.93,84063100
2007-11-13,33.54,34.67,33.38,34.46,104311500
2007-11-12,33.32,33.71,33.02,33.38,84865200
2007-11-09,34.18,34.54,33.65,33.73,125136900
2007-11-08,35.6,35.9,34.4,34.74,133742400
2007-11-07,36.040001,36.16,35.45,35.52,74897800
2007-11-06,36.59,36.66,35.87,36.41,100966700
2007-11-05,36.76,37.099998,36.63,36.73,75485400
2007-11-02,37.22,37.5,36.42,37.060001,96389800
2007-11-01,36.53,37.49,36.36,37.060001,152078800
2007-10-31,35.52,37.0,35.51,36.81,185635800
2007-10-30,34.37,35.59,34.35,35.57,107297300
2007-10-29,34.85,35.29,34.45,34.57,114655600
2007-10-26,36.0099983,36.029999,34.56,35.029999,288121200
2007-10-25,31.57,32.22,31.49,31.99,169588700
2007-10-24,30.85,31.3,30.5,31.25,77979200
2007-10-23,30.71,31.12,30.71,30.9,49956200
2007-10-22,30.12,30.7,30.12,30.51,58785100
2007-10-19,31.09,31.09,30.11,30.17,75200200
2007-10-18,31.22,31.23,30.63,31.16,49208600
2007-10-17,30.75,31.23,30.65,31.08,86092400
2007-10-16,30.24,30.58,30.23,30.32,56286200
2007-10-15,30.1,30.33,30.0,30.040001,47150500
2007-10-12,30.030001,30.4,29.95,30.17,31121100
2007-10-11,30.3,30.63,29.79,29.91,50788400
2007-10-10,30.040001,30.37,30.030001,30.23,32251500
2007-10-09,30.030001,30.39,30.0,30.1,63603100
2007-10-08,29.66,29.85,29.6,29.84,30265400
2007-10-05,29.89,29.99,29.73,29.84,45012300
2007-10-04,29.56,29.77,29.44,29.71,37868000
2007-10-03,29.71,29.85,29.29,29.45,37633900
2007-10-02,29.7,29.85,29.57,29.7,33700900
2007-10-01,29.46,29.79,29.41,29.77,43875100
2007-09-28,29.49,29.69,29.23,29.46,45819100
2007-09-27,29.7,29.72,29.44,29.49,43407100
2007-09-26,29.68,29.85,29.48,29.5,60337000
2007-09-25,29.14,29.56,29.11,29.56,75621000
2007-09-24,28.81,29.61,28.8,29.08,104459800
2007-09-21,28.69,28.81,28.44,28.65,135636100
2007-09-20,28.48,28.58,28.34,28.42,67168900
2007-09-19,28.87,28.91,28.3,28.67,94242200
2007-09-18,28.7,28.97,28.27,28.93,77462400
2007-09-17,28.79,28.88,28.62,28.73,39536500
2007-09-14,28.98,29.11,28.88,29.040001,33496600
2007-09-13,29.12,29.26,28.96,29.16,35288600
2007-09-12,28.81,29.17,28.8,28.93,42364700
2007-09-11,28.63,28.95,28.58,28.93,34380800
2007-09-10,28.67,28.75,28.41,28.48,37247600
2007-09-07,28.62,28.83,28.32,28.44,52160900
2007-09-06,28.56,29.01,28.55,28.91,45430800
2007-09-05,28.65,28.73,28.42,28.48,47669800
2007-09-04,28.5,29.1,28.48,28.81,45689600
2007-08-31,28.7,28.92,28.36,28.73,42511900
2007-08-30,28.42,28.93,28.32,28.45,33690700
2007-08-29,28.13,28.61,27.82,28.59,45753700
2007-08-28,28.3,28.49,27.91,27.93,43924400
2007-08-27,28.61,28.77,28.4,28.49,32789500
2007-08-24,28.21,28.84,28.07,28.81,45158900
2007-08-23,28.28,28.33,28.1,28.3,33886600
2007-08-22,28.27,28.32,28.01,28.22,44763500
2007-08-21,28.1,28.32,27.87,28.07,50786200
2007-08-20,28.18,28.49,28.08,28.26,49952000
2007-08-17,28.09,28.25,27.82,28.25,76747700
2007-08-16,27.88,28.35,27.51,27.81,81447400
2007-08-15,28.24,28.99,28.049999,28.1,48117700
2007-08-14,28.77,28.89,28.2,28.27,42944100
2007-08-13,28.94,28.99,28.44,28.63,55492300
2007-08-10,28.9,29.049999,28.26,28.71,76576200
2007-08-09,29.64,30.1,28.92,29.3,72964500
2007-08-08,29.72,30.01,29.21,30.0,52898600
2007-08-07,29.33,29.79,29.049999,29.55,49163000
2007-08-06,29.049999,29.54,28.75,29.54,59530500
2007-08-03,29.45,29.78,28.9,28.96,61535500
2007-08-02,29.19,29.79,29.02,29.52,47938300
2007-08-01,28.95,29.55,28.82,29.3,80006300
2007-07-31,29.71,29.72,28.98,28.99,66554000
2007-07-30,29.41,29.49,28.95,29.4,67499600
2007-07-27,29.93,30.0,29.36,29.39,69214600
2007-07-26,30.24,30.53,29.51,29.98,87025300
2007-07-25,30.99,31.3,30.37,30.71,54950100
2007-07-24,31.01,31.48,30.71,30.8,59729300
2007-07-23,31.36,31.52,31.12,31.19,48910600
2007-07-20,31.15,31.2,30.79,31.16,98292600
2007-07-19,31.049999,31.84,30.93,31.51,121159300
2007-07-18,30.51,30.97,30.5,30.92,64414400
2007-07-17,30.02,30.88,30.01,30.78,77539600
2007-07-16,29.76,30.24,29.72,30.030001,48023200
2007-07-13,29.94,30.02,29.66,29.82,42173000
2007-07-12,29.56,30.11,29.44,30.07,54302400
2007-07-11,29.24,29.65,29.21,29.49,48017000
2007-07-10,29.7,29.99,29.18,29.33,66013500
2007-07-09,29.86,29.95,29.81,29.87,33831400
2007-07-06,29.91,30.040001,29.66,29.97,57541000
2007-07-05,30.049999,30.22,29.83,29.99,47838500
2007-07-03,29.79,30.22,29.78,30.02,35202600
2007-07-02,29.67,29.8,29.49,29.74,47316000
2007-06-29,29.87,29.93,29.040001,29.47,71193900
2007-06-28,29.86,29.97,29.68,29.83,46055200
2007-06-27,29.36,29.95,29.36,29.87,53468600
2007-06-26,29.55,29.8,29.5,29.52,48340300
2007-06-25,29.47,29.77,29.38,29.49,53905800
2007-06-22,30.0,30.1,29.45,29.49,86219900
2007-06-21,29.98,30.3,29.91,30.22,56564800
2007-06-20,30.44,30.51,29.96,30.01,46861600
2007-06-19,30.48,30.66,30.38,30.46,46802600
2007-06-18,30.69,30.72,30.42,30.51,45412600
2007-06-15,30.86,30.88,30.43,30.49,100933000
2007-06-14,30.35,30.71,30.3,30.52,59065700
2007-06-13,29.97,30.41,29.85,30.39,64435600
2007-06-12,29.96,30.24,29.77,29.85,56981800
2007-06-11,29.94,30.25,29.93,30.02,48467400
2007-06-08,29.58,30.059999,29.41,30.049999,61346200
2007-06-07,30.02,30.29,29.59,29.62,71971400
2007-06-06,30.37,30.53,30.25,30.29,38217500
2007-06-05,30.62,30.63,30.33,30.58,44265000
2007-06-04,30.42,30.76,30.4,30.72,41434500
2007-06-01,30.79,30.9,30.55,30.59,39469400
2007-05-31,31.12,31.16,30.61,30.69,85290500
2007-05-30,30.55,31.13,30.51,31.11,57376800
2007-05-29,30.49,30.83,30.39,30.79,42373100
2007-05-25,30.28,30.66,30.18,30.48,47726500
2007-05-24,30.54,30.8,29.96,30.17,64046400
2007-05-23,30.84,30.84,30.57,30.58,46322500
2007-05-22,30.9,30.93,30.66,30.69,39999500
2007-05-21,30.73,31.16,30.73,31.049999,41836400
2007-05-18,30.97,30.99,30.58,30.83,58453000
2007-05-17,31.030001,31.14,30.96,30.98,41045600
2007-05-16,31.0,31.09,30.81,31.07,45833600
2007-05-15,30.9,31.09,30.84,30.9,75013900
2007-05-14,30.84,30.99,30.81,30.97,70188500
2007-05-11,30.57,30.98,30.55,30.89,43425300
2007-05-10,30.68,30.93,30.53,30.58,55398600
2007-05-09,30.7,30.93,30.57,30.78,51735000
2007-05-08,30.68,30.94,30.58,30.75,60551700
2007-05-07,30.52,30.76,30.48,30.71,59889100
2007-05-04,30.68,30.7,30.29,30.56,104385900
2007-05-03,30.6,31.0,30.53,30.97,82036800
2007-05-02,30.39,30.69,30.3,30.61,80686700
2007-05-01,29.94,30.42,29.9,30.4,73539300
2007-04-30,30.13,30.37,29.94,29.94,67788800
2007-04-27,30.17,30.74,30.0,30.12,128298800
2007-04-26,29.09,29.35,28.91,29.1,68760300
2007-04-25,28.86,29.0,28.69,28.99,39475000
2007-04-24,28.79,28.96,28.59,28.79,34236700
2007-04-23,28.96,28.99,28.67,28.78,41739100
2007-04-20,28.98,29.1,28.7,29.02,60311500
2007-04-19,28.34,28.89,28.26,28.69,43648800
2007-04-18,28.61,28.67,28.36,28.6,41778400
2007-04-17,28.63,28.89,28.56,28.85,33170200
2007-04-16,28.6,28.75,28.21,28.73,30740100
2007-04-13,28.43,28.7,28.1,28.61,36002900
2007-04-12,28.059999,28.62,28.040001,28.54,43762100
2007-04-11,28.3,28.57,27.99,28.11,44050200
2007-04-10,28.5,28.64,28.22,28.4,38643100
2007-04-09,28.58,28.72,28.39,28.57,31384600
2007-04-05,28.32,28.65,28.3,28.55,30131200
2007-04-04,28.01,28.78,27.9,28.5,63244200
2007-04-03,27.86,28.059999,27.75,27.87,39821300
2007-04-02,27.89,27.93,27.56,27.74,41977600
2007-03-30,27.75,27.95,27.5,27.87,47061000
2007-03-29,27.84,27.85,27.49,27.75,42629900
2007-03-28,27.58,28.0,27.4,27.64,46947000
2007-03-27,28.040001,28.16,27.65,27.72,58979800
2007-03-26,27.94,28.22,27.7,28.22,47491500
2007-03-23,28.22,28.27,27.8,28.02,50519800
2007-03-22,28.52,28.55,28.01,28.27,47934900
2007-03-21,27.9,28.52,27.56,28.52,72808200
2007-03-20,27.93,28.16,27.76,27.84,47902400
2007-03-19,27.34,27.83,27.2,27.83,49412000
2007-03-16,27.35,27.48,27.2,27.33,65055300
2007-03-15,27.32,27.47,27.2,27.28,51757100
2007-03-14,26.82,27.4,26.73,27.4,75730300
2007-03-13,27.25,27.4,26.71,26.72,75169500
2007-03-12,27.18,27.48,27.13,27.44,36516400
2007-03-09,27.42,27.48,27.030001,27.29,80125000
2007-03-08,27.72,27.85,26.6,27.32,72175200
2007-03-07,27.76,27.9,27.55,27.61,52044700
2007-03-06,27.8,27.94,27.65,27.83,49361800
2007-03-05,27.49,27.91,27.41,27.55,56454300
2007-03-02,28.02,28.16,27.76,27.76,63254700
2007-03-01,27.82,28.33,27.73,28.09,80175700
2007-02-28,27.95,28.25,27.92,28.17,86333300
2007-02-27,28.71,28.97,27.79,27.87,87143300
2007-02-26,28.96,29.09,28.82,29.07,63481900
2007-02-23,29.22,29.28,28.89,28.9,63787100
2007-02-22,29.31,29.54,29.16,29.39,57754400
2007-02-21,28.75,29.39,28.74,29.35,68604900
2007-02-20,28.63,28.86,28.47,28.83,53978200
2007-02-16,28.91,28.94,28.65,28.74,109340300
2007-02-15,29.58,29.65,29.22,29.46,63858100
2007-02-14,29.17,29.69,29.15,29.4,55588600
2007-02-13,29.040001,29.2,28.96,29.01,50348100
2007-02-12,28.89,29.09,28.83,28.94,52774400
2007-02-09,29.35,29.4,28.93,28.98,69823100
2007-02-08,29.24,29.8,29.2,29.26,48749000
2007-02-07,29.64,29.7,29.25,29.37,65145500
2007-02-06,29.59,29.75,29.22,29.51,79281100
2007-02-05,29.97,30.02,29.41,29.61,99102100
2007-02-02,30.82,30.84,30.13,30.19,60401700
2007-02-01,30.84,30.94,30.37,30.56,55355800
2007-01-31,30.41,31.1,30.35,30.86,73968400
2007-01-30,30.57,30.64,30.14,30.48,61900400
2007-01-29,30.65,30.78,30.34,30.53,57605900
2007-01-26,31.22,31.23,30.6,30.6,96103700
2007-01-25,31.08,31.48,30.45,30.45,97378700
2007-01-24,30.78,31.3,30.65,31.09,58527800
2007-01-23,30.63,30.96,30.52,30.74,49171200
2007-01-22,31.059999,31.12,30.51,30.72,56143900
2007-01-19,30.73,31.11,30.69,31.11,75826900
2007-01-18,31.15,31.37,30.8,31.0,56364300
2007-01-17,31.26,31.44,31.01,31.1,58519600
2007-01-16,31.26,31.45,31.030001,31.16,62379600
2007-01-12,30.65,31.39,30.64,31.21,103972500
2007-01-11,29.76,30.75,29.65,30.7,99464300
2007-01-10,29.8,29.89,29.43,29.66,55017400
2007-01-09,30.0,30.18,29.73,29.96,44636600
2007-01-08,29.65,30.1,29.53,29.93,50220200
2007-01-05,29.63,29.75,29.45,29.64,44607200
2007-01-04,29.7,29.97,29.44,29.81,45774500
2007-01-03,29.91,30.25,29.4,29.86,76935100
2006-12-29,29.86,30.15,29.83,29.86,41739800
2006-12-28,29.86,30.030001,29.81,29.98,26690600
2006-12-27,29.99,30.13,29.91,30.02,31248400
2006-12-26,29.53,30.0,29.4,29.99,37098300
2006-12-22,29.83,29.86,29.62,29.64,37971700
2006-12-21,30.13,30.14,29.89,29.98,32270500
2006-12-20,29.99,30.24,29.97,30.09,31202100
2006-12-19,29.71,30.17,29.53,29.99,53822100
2006-12-18,30.19,30.26,29.78,29.89,56986800
2006-12-15,30.14,30.23,30.030001,30.19,102783700
2006-12-14,29.54,30.08,29.52,30.07,85866500
2006-12-13,29.6,29.6,29.32,29.55,46002500
2006-12-12,29.56,29.63,29.22,29.43,68529400
2006-12-11,29.19,29.75,29.11,29.54,107712000
2006-12-08,28.82,29.4,28.8,29.4,108854900
2006-12-07,28.96,29.07,28.81,28.85,46831100
2006-12-06,29.1,29.13,28.87,28.99,48564100
2006-12-05,29.36,29.4,29.030001,29.13,45606000
2006-12-04,29.23,29.52,29.17,29.33,55123400
2006-12-01,29.23,29.3,28.9,29.12,72257000
2006-11-30,29.42,29.57,29.33,29.36,53297400
2006-11-29,29.44,29.78,29.43,29.57,58775100
2006-11-28,29.34,29.42,29.13,29.39,52602300
2006-11-27,29.69,29.74,29.33,29.48,72722100
2006-11-24,29.66,29.84,29.64,29.76,20456700
2006-11-22,29.97,30.0,29.82,29.92,43907200
2006-11-21,29.91,30.0,29.79,29.92,66446600
2006-11-20,29.52,30.0,29.5,29.89,85703800
2006-11-17,29.31,29.54,29.28,29.4,49356700
2006-11-16,29.14,29.64,29.13,29.47,64328500
2006-11-15,29.13,29.36,29.11,29.12,63943200
2006-11-14,29.28,29.42,29.07,29.23,63012500
2006-11-13,29.19,29.46,29.16,29.35,47271800
2006-11-10,29.17,29.29,29.15,29.24,37855100
2006-11-09,29.11,29.4,29.0,29.26,89407500
2006-11-08,28.78,29.23,28.66,28.98,77403300
2006-11-07,28.86,29.07,28.8,28.95,56511200
2006-11-06,28.77,29.049999,28.76,28.84,60446200
2006-11-03,28.85,28.93,28.61,28.73,41124500
2006-11-02,28.71,28.86,28.58,28.77,58674400
2006-11-01,28.78,28.99,28.7,28.81,75895900
2006-10-31,28.66,28.85,28.56,28.71,61861700
2006-10-30,28.35,28.84,28.32,28.53,47296800
2006-10-27,28.49,28.79,28.25,28.34,89060100
2006-10-26,28.33,28.41,28.040001,28.35,69964200
2006-10-25,28.28,28.46,28.14,28.31,40717100
2006-10-24,28.43,28.43,28.13,28.28,61409600
2006-10-23,28.3,28.69,28.18,28.45,48525000
2006-10-20,28.48,28.49,28.17,28.43,48887800
2006-10-19,28.35,28.45,28.12,28.29,44730800
2006-10-18,28.5,28.7,28.26,28.52,40630800
2006-10-17,28.24,28.51,28.17,28.44,40122600
2006-10-16,28.48,28.6,28.33,28.45,49744800
2006-10-13,28.34,28.69,28.31,28.37,129751900
2006-10-12,27.58,28.29,27.54,28.22,120174900
2006-10-11,27.46,27.67,27.42,27.54,37219600
2006-10-10,27.69,27.75,27.44,27.69,34598500
2006-10-09,27.8,27.93,27.62,27.72,33366300
2006-10-06,27.76,28.0,27.65,27.87,36452200
2006-10-05,27.92,28.11,27.78,27.92,81967200
2006-10-04,27.39,27.96,27.37,27.94,82191200
2006-10-03,27.37,27.48,27.21,27.37,39386200
2006-10-02,27.32,27.49,27.15,27.36,52908100
2006-09-29,27.35,27.42,27.21,27.35,34283500
2006-09-28,27.47,27.52,27.26,27.4,44179700
2006-09-27,27.18,27.47,27.12,27.44,66233900
2006-09-26,26.91,27.32,26.88,27.2,54766500
2006-09-25,26.81,27.19,26.79,26.95,67903900
2006-09-22,26.83,26.85,26.48,26.66,47712500
2006-09-21,27.24,27.25,26.85,26.9,58495100
2006-09-20,27.01,27.23,26.99,27.18,71676400
2006-09-19,26.74,26.94,26.72,26.86,43039100
2006-09-18,26.74,27.040001,26.67,26.79,49135000
2006-09-15,26.58,26.94,26.49,26.85,126057700
2006-09-14,25.99,26.5,25.98,26.33,74324500
2006-09-13,25.82,26.1,25.82,25.98,37706700
2006-09-12,25.9,25.98,25.72,25.93,52248800
2006-09-11,25.43,25.95,25.42,25.91,55608200
2006-09-08,25.53,25.79,25.46,25.6,36866800
2006-09-07,25.48,25.7,25.39,25.43,51266900
2006-09-06,25.51,25.72,25.51,25.61,50160400
2006-09-05,25.69,25.96,25.56,25.61,44222400
2006-09-01,25.89,25.97,25.64,25.84,31594600
2006-08-31,25.87,25.98,25.68,25.7,26380500
2006-08-30,25.85,25.89,25.64,25.8,30283100
2006-08-29,25.92,25.98,25.63,25.84,42711200
2006-08-28,25.84,26.0,25.69,25.95,34190900
2006-08-25,25.71,26.0,25.69,25.85,33115900
2006-08-24,25.82,25.86,25.5,25.74,35933300
2006-08-23,25.65,25.95,25.52,25.67,44648500
2006-08-22,26.01,26.25,25.62,25.62,89312400
2006-08-21,25.66,26.13,25.56,26.12,88398300
2006-08-18,25.049999,25.8,24.98,25.79,128414800
2006-08-17,24.7,24.75,24.61,24.7,45674800
2006-08-16,24.61,24.73,24.47,24.7,52373600
2006-08-15,24.55,24.65,24.44,24.62,48994500
2006-08-14,24.52,24.6,24.35,24.53,47831900
2006-08-11,24.43,24.45,24.2,24.43,30255500
2006-08-10,24.37,24.6,24.34,24.46,31753400
2006-08-09,24.49,24.64,24.34,24.44,44405700
2006-08-08,24.39,24.52,24.2,24.34,58171300
2006-08-07,24.28,24.48,24.19,24.22,36862400
2006-08-04,24.4,24.49,24.15,24.29,45690400
2006-08-03,24.19,24.48,24.15,24.21,43155300
2006-08-02,24.12,24.4,24.030001,24.3,46462000
2006-08-01,24.02,24.2,23.85,23.99,49168700
2006-07-31,24.07,24.42,24.01,24.059999,40254400
2006-07-28,24.08,24.28,24.059999,24.25,51705800
2006-07-27,24.58,24.6,23.77,23.87,85386800
2006-07-26,24.12,24.53,24.1,24.37,54942100
2006-07-25,24.0,24.29,23.9,24.22,60075800
2006-07-24,24.01,24.11,23.79,24.0,59586700
2006-07-21,24.08,24.15,23.0,23.87,175483800
2006-07-20,23.44,23.45,22.78,22.85,76605200
2006-07-19,22.82,23.46,22.72,23.4,82188200
2006-07-18,22.59,22.76,22.48,22.74,65047300
2006-07-17,22.29,22.61,22.26,22.48,37053500
2006-07-14,22.28,22.55,22.23,22.29,67499400
2006-07-13,22.37,22.61,22.25,22.26,73099500
2006-07-12,22.79,22.88,22.62,22.64,77379300
2006-07-11,23.37,23.37,22.74,23.1,88676300
2006-07-10,23.43,23.66,23.38,23.5,50565100
2006-07-07,23.39,23.55,23.3,23.3,63168800
2006-07-06,23.45,23.61,23.42,23.48,44775200
2006-07-05,23.48,23.52,23.3,23.35,53093500
2006-07-03,23.53,23.72,23.45,23.7,25711400
2006-06-30,23.54,23.65,23.3,23.3,73048800
2006-06-29,23.32,23.63,23.22,23.47,121395500
2006-06-28,22.96,23.25,22.91,23.16,71906500
2006-06-27,22.89,23.16,22.84,22.86,84759100
2006-06-26,22.65,22.89,22.63,22.82,53644100
2006-06-23,22.85,22.87,22.5,22.5,60532600
2006-06-22,23.059999,23.17,22.78,22.88,76590600
2006-06-21,22.61,23.15,22.53,23.08,91660300
2006-06-20,22.54,22.76,22.5,22.56,90598500
2006-06-19,22.14,22.6,22.12,22.55,129640900
2006-06-16,21.97,22.28,21.79,22.1,147506500
2006-06-15,22.01,22.13,21.8,22.07,121577300
2006-06-14,21.59,21.94,21.55,21.88,86081500
2006-06-13,21.73,22.030001,21.46,21.51,113175300
2006-06-12,21.96,22.1,21.7,21.71,74309700
2006-06-09,22.15,22.19,21.89,21.92,52573800
2006-06-08,22.030001,22.21,21.97,22.11,104126900
2006-06-07,22.15,22.39,22.01,22.040001,73827500
2006-06-06,22.55,22.56,21.98,22.13,126601300
2006-06-05,22.72,22.73,22.49,22.5,63914100
2006-06-02,22.87,22.99,22.67,22.76,73935600
2006-06-01,22.74,22.84,22.62,22.82,80230800
2006-05-31,23.26,23.35,22.65,22.65,120202000
2006-05-30,23.55,23.76,23.14,23.15,52497500
2006-05-26,23.77,23.88,23.56,23.72,46861600
2006-05-25,23.57,23.92,23.54,23.74,83052700
2006-05-24,22.99,23.54,22.98,23.5,107356700
2006-05-23,23.11,23.38,22.77,22.79,79986300
2006-05-22,22.48,23.02,22.45,22.88,87322300
2006-05-19,22.79,22.9,22.52,22.56,100071200
2006-05-18,22.84,23.14,22.76,22.83,95476400
2006-05-17,22.89,23.08,22.73,22.73,98598300
2006-05-16,23.16,24.0,22.91,23.01,82095100
2006-05-15,23.1,23.23,23.030001,23.15,67314800
2006-05-12,23.14,23.37,23.049999,23.17,83115900
2006-05-11,23.71,23.79,23.15,23.22,92916700
2006-05-10,23.67,23.79,23.59,23.77,76563300
2006-05-09,23.75,24.0,23.49,23.62,75345900
2006-05-08,23.85,25.0,23.51,23.73,80693500
2006-05-05,23.66,23.95,23.52,23.8,131604300
2006-05-04,23.35,23.67,23.14,23.44,171257400
2006-05-03,23.99,24.02,23.15,23.17,211527100
2006-05-02,24.49,25.0,23.9,24.01,190533500
2006-05-01,24.32,25.0,24.09,24.29,174800900
2006-04-28,24.23,24.5,24.0,24.15,591052200
2006-04-27,26.97,27.63,26.94,27.25,96509600
2006-04-26,27.08,27.23,27.0,27.1,39190000
2006-04-25,27.09,27.21,27.02,27.11,49222500
2006-04-24,27.07,27.25,26.98,27.11,42318400
2006-04-21,27.049999,27.39,27.0,27.15,58528000
2006-04-20,27.049999,27.19,26.7,27.030001,45648300
2006-04-19,27.11,27.19,26.96,27.030001,45111100
2006-04-18,26.94,27.5,26.82,27.22,56272700
2006-04-17,27.030001,27.049999,26.73,26.84,35796200
2006-04-13,27.08,27.2,27.0,27.07,28160000
2006-04-12,27.1,27.2,26.97,27.2,32183000
2006-04-11,27.29,27.32,27.0,27.13,42953400
2006-04-10,27.23,27.44,27.2,27.29,39432000
2006-04-07,27.61,27.72,27.23,27.25,47249400
2006-04-06,27.66,27.72,27.37,27.56,51885500
2006-04-05,27.88,27.94,27.64,27.74,41539300
2006-04-04,27.6,27.8,27.47,27.64,45470000
2006-04-03,27.67,27.73,27.44,27.56,57605300
2006-03-31,27.3,27.54,27.21,27.21,62190500
2006-03-30,27.030001,27.39,27.0,27.23,54612000
2006-03-29,26.95,27.2,26.92,27.02,53150300
2006-03-28,27.01,27.21,26.81,26.9,58520500
2006-03-27,27.01,27.3,27.0,27.01,59908600
2006-03-24,26.71,27.21,26.62,27.01,69157600
2006-03-23,27.08,27.1,26.66,26.85,73682900
2006-03-22,27.08,27.5,26.8,27.15,145696100
2006-03-21,27.74,28.22,27.68,27.74,73199600
2006-03-20,27.7,27.99,27.67,27.89,67094100
2006-03-17,27.35,27.66,27.27,27.5,120615000
2006-03-16,27.34,27.48,27.22,27.27,73793700
2006-03-15,27.2,27.45,27.01,27.36,57152000
2006-03-14,27.040001,27.38,26.99,27.23,39821800
2006-03-13,27.18,27.29,26.94,27.11,40342600
2006-03-10,27.059999,27.22,26.88,27.17,41297200
2006-03-09,27.27,27.42,27.0,27.0,45360700
2006-03-08,26.99,27.5,26.97,27.25,57547400
2006-03-07,26.9,27.1,26.81,27.059999,51613900
2006-03-06,26.92,27.15,26.83,26.91,53054100
2006-03-03,26.81,27.16,26.74,26.93,45218800
2006-03-02,27.02,27.1,26.9,26.97,41850300
2006-03-01,26.98,27.2,26.95,27.14,53061200
2006-02-28,26.95,27.3,26.87,26.87,65036100
2006-02-27,26.75,27.26,26.67,27.049999,51301500
2006-02-24,26.59,26.74,26.52,26.63,44753800
2006-02-23,26.73,26.89,26.54,26.66,47359100
2006-02-22,26.53,26.86,26.47,26.72,43043100
2006-02-21,26.72,26.72,26.34,26.54,50216100
2006-02-17,26.67,26.81,26.56,26.7,41513200
2006-02-16,26.85,26.9,26.57,26.81,48868500
2006-02-15,26.6,26.93,26.5,26.88,62808900
2006-02-14,26.41,26.68,26.35,26.65,58432900
2006-02-13,26.63,26.7,26.34,26.39,46707000
2006-02-10,26.62,26.89,26.51,26.69,52127000
2006-02-09,26.96,27.030001,26.65,26.66,52861700
2006-02-08,27.01,27.08,26.71,26.91,51795200
2006-02-07,26.95,27.15,26.81,26.94,72159500
2006-02-06,27.51,27.54,27.09,27.17,60170500
2006-02-03,27.48,27.7,27.34,27.54,75022700
2006-02-02,27.97,27.99,27.55,27.68,55073400
2006-02-01,27.96,28.07,27.76,28.040001,68448800
2006-01-31,27.91,28.38,27.87,28.15,94841300
2006-01-30,27.82,28.18,27.78,28.0,103999200
2006-01-27,27.23,27.95,27.19,27.79,134520700
2006-01-26,26.56,26.72,26.31,26.5,69509300
2006-01-25,26.41,26.57,26.23,26.4,59072100
2006-01-24,26.34,26.45,26.22,26.28,63040700
2006-01-23,26.41,26.53,26.3,26.35,47925600
2006-01-20,27.01,27.01,26.26,26.41,79165900
2006-01-19,26.87,27.24,26.85,27.02,60367600
2006-01-18,26.74,26.98,26.7,26.83,52376200
2006-01-17,26.9,27.19,26.9,26.99,58566600
2006-01-13,27.030001,27.25,27.01,27.19,41418000
2006-01-12,27.25,27.26,26.97,27.14,45994800
2006-01-11,27.01,27.39,26.9,27.29,70120700
2006-01-10,26.65,27.02,26.59,27.0,64921900
2006-01-09,26.93,27.07,26.76,26.86,55625000
2006-01-06,26.89,27.0,26.49,26.91,100963000
2006-01-05,26.96,27.13,26.91,26.99,48245500
2006-01-04,26.77,27.08,26.77,26.97,57975600
2006-01-03,26.25,27.0,26.1,26.84,79973000
2005-12-30,26.15,26.31,26.1,26.15,49044600
2005-12-29,26.41,26.5,26.26,26.27,34495500
2005-12-28,26.51,26.66,26.35,26.39,35444400
2005-12-27,26.68,26.85,26.45,26.46,37819000
2005-12-23,26.52,26.67,26.44,26.64,30689200
2005-12-22,26.71,26.78,26.42,26.59,91276900
2005-12-21,26.87,26.91,26.71,26.73,75800900
2005-12-20,26.76,26.88,26.67,26.86,62960600
2005-12-19,26.82,26.87,26.65,26.83,68680100
2005-12-16,26.88,27.08,26.81,26.9,88542500
2005-12-15,27.08,27.11,26.81,26.92,79018100
2005-12-14,27.0,27.24,26.85,27.09,65076200
2005-12-13,27.29,27.43,27.0,27.13,104285500
2005-12-12,27.7,27.75,27.33,27.45,63757200
2005-12-09,27.71,27.83,27.64,27.71,48467000
2005-12-08,27.71,27.81,27.6,27.69,63931600
2005-12-07,27.67,27.75,27.55,27.75,55583200
2005-12-06,27.9,27.92,27.68,27.69,65980000
2005-12-05,27.93,28.02,27.71,27.85,47517300
2005-12-02,27.82,28.1,27.79,28.01,42319600
2005-12-01,27.73,28.1,27.73,27.89,61006100
2005-11-30,27.68,27.77,27.63,27.68,55904700
2005-11-29,27.79,27.79,27.6,27.68,62220400
2005-11-28,27.79,27.85,27.53,27.75,57517200
2005-11-25,27.8,27.94,27.47,27.76,44082500
2005-11-23,27.92,28.09,27.74,27.92,70541300
2005-11-22,28.059999,28.08,27.86,27.91,104253300
2005-11-21,28.07,28.24,27.84,28.16,65794400
2005-11-18,28.12,28.25,27.9,28.07,75431200
2005-11-17,27.85,28.0,27.76,27.97,91351000
2005-11-16,27.48,27.88,27.44,27.74,86277000
2005-11-15,27.33,27.54,27.25,27.5,65081000
2005-11-14,27.36,27.44,27.2,27.37,67152200
2005-11-11,27.15,27.39,27.13,27.28,51945600
2005-11-10,26.94,27.15,26.64,27.09,73314800
2005-11-09,26.98,27.15,26.94,26.96,59562100
2005-11-08,26.94,27.18,26.77,27.049999,60091700
2005-11-07,26.72,27.08,26.7,27.01,77104800
2005-11-04,26.53,26.71,26.45,26.66,57464000
2005-11-03,26.6,26.64,26.25,26.44,73421600
2005-11-02,25.93,26.5,25.93,26.46,75067100
2005-11-01,25.61,26.1,25.61,25.96,71370400
2005-10-31,25.61,25.8,25.5,25.7,75122100
2005-10-28,25.1,25.6,25.1,25.53,106559300
2005-10-27,25.22,25.27,24.85,24.85,61566100
2005-10-26,24.97,25.33,24.93,25.11,58178100
2005-10-25,24.95,25.13,24.83,25.030001,41310500
2005-10-24,24.89,25.1,24.68,25.1,51868000
2005-10-21,24.91,25.0,24.57,24.78,69431200
2005-10-20,25.049999,25.13,24.74,24.79,58830600
2005-10-19,24.56,25.09,24.5,25.09,66574500
2005-10-18,24.49,24.83,24.45,24.57,69328200
2005-10-17,24.68,24.69,24.44,24.53,46924400
2005-10-14,24.71,24.73,24.5,24.67,53846700
2005-10-13,24.31,24.73,24.27,24.59,70192000
2005-10-12,24.49,24.7,24.27,24.3,71294400
2005-10-11,24.51,24.55,24.25,24.41,76567300
2005-10-10,24.67,24.68,24.35,24.46,48880900
2005-10-07,24.77,24.84,24.52,24.59,50768700
2005-10-06,24.66,24.95,24.53,24.73,81724600
2005-10-05,25.040001,25.049999,24.67,24.67,73684700
2005-10-04,25.36,25.39,24.75,24.98,151666300
2005-10-03,25.71,25.73,25.44,25.5,55341300
2005-09-30,25.91,25.95,25.61,25.73,57644500
2005-09-29,25.61,26.0,25.5,25.94,66807100
2005-09-28,25.39,25.87,25.38,25.67,71019400
2005-09-27,25.37,25.45,25.3,25.34,48797900
2005-09-26,25.4,25.49,25.21,25.27,56203700
2005-09-23,25.31,25.54,25.12,25.27,66396800
2005-09-22,25.49,25.6,25.15,25.34,71314900
2005-09-21,25.8,25.9,25.43,25.49,68281800
2005-09-20,26.07,26.22,25.69,25.84,61043400
2005-09-19,26.09,26.27,25.86,26.0,61832300
2005-09-16,26.34,26.4,25.97,26.07,187384300
2005-09-15,26.37,26.43,26.22,26.27,60357200
2005-09-14,26.52,26.64,26.3,26.31,54969600
2005-09-13,26.54,26.76,26.37,26.48,63422900
2005-09-12,26.62,26.75,26.52,26.61,40550500
2005-09-09,26.62,26.82,26.53,26.58,41515800
2005-09-08,26.8,26.88,26.52,26.61,52552300
2005-09-07,26.94,27.11,26.82,26.85,44656100
2005-09-06,27.059999,27.29,26.98,27.0,46089000
2005-09-02,27.21,27.27,26.97,27.02,52047500
2005-09-01,27.38,27.39,27.15,27.2,75974500
2005-08-31,27.17,27.44,27.040001,27.38,65210200
2005-08-30,27.059999,27.23,26.96,27.18,55163200
2005-08-29,26.81,27.23,26.81,27.15,52307700
2005-08-26,27.059999,27.08,26.87,26.97,36774600
2005-08-25,26.9,27.09,26.85,27.030001,39306300
2005-08-24,26.84,27.16,26.78,26.81,63645000
2005-08-23,26.84,27.07,26.74,26.87,48296700
2005-08-22,26.79,27.17,26.77,26.91,41691700
2005-08-19,26.85,26.91,26.7,26.72,36043500
2005-08-18,26.89,27.08,26.8,26.82,40861900
2005-08-17,26.82,27.15,26.66,26.95,52413100
2005-08-16,27.030001,27.14,26.7,26.74,46894600
2005-08-15,26.98,27.3,26.69,27.13,45976600
2005-08-12,27.08,27.14,26.9,27.049999,52006500
2005-08-11,26.98,27.3,26.89,27.27,48646800
2005-08-10,27.41,27.5,26.85,26.95,62818800
2005-08-09,27.22,27.51,27.01,27.35,64761800
2005-08-08,27.8,27.84,27.08,27.13,77207200
2005-08-05,27.29,27.94,27.25,27.76,82212400
2005-08-04,27.16,27.5,27.049999,27.32,91461400
2005-08-03,26.76,27.43,26.73,27.25,139422400
2005-08-02,25.9,26.9,25.87,26.81,137510100
2005-08-01,25.81,26.049999,25.76,25.92,61346800
2005-07-29,25.78,26.0,25.59,25.61,59524400
2005-07-28,25.75,25.85,25.66,25.75,44738700
2005-07-27,25.61,25.8,25.53,25.72,57977300
2005-07-26,25.72,25.74,25.53,25.54,51476400
2005-07-25,25.69,25.9,25.65,25.69,45174600
2005-07-22,25.99,26.34,25.63,25.68,97558900
2005-07-21,26.3,26.48,26.0,26.44,112932100
2005-07-20,26.0,26.23,25.88,26.19,71424800
2005-07-19,25.79,26.25,25.75,26.16,113290100
2005-07-18,25.71,25.79,25.55,25.55,39668000
2005-07-15,26.040001,26.1,25.75,25.79,56472800
2005-07-14,25.79,26.1,25.79,25.97,69506800
2005-07-13,25.53,25.75,25.48,25.66,44749200
2005-07-12,25.24,25.62,25.2,25.61,63384800
2005-07-11,25.15,25.38,25.11,25.29,61525400
2005-07-08,24.64,25.12,24.63,25.09,56104000
2005-07-07,24.58,24.71,24.5,24.65,80082900
2005-07-06,24.97,25.08,24.69,24.7,64214600
2005-07-05,24.66,25.19,24.62,24.98,61883500
2005-07-01,24.85,24.99,24.67,24.71,69718400
2005-06-30,25.059999,25.14,24.82,24.84,82018200
2005-06-29,25.22,25.32,25.0,25.09,55859900
2005-06-28,25.09,25.2,25.030001,25.07,53058100
2005-06-27,25.07,25.25,25.030001,25.049999,61636200
2005-06-24,25.22,25.4,25.040001,25.040001,57970700
2005-06-23,25.17,25.62,25.15,25.31,105159800
2005-06-22,25.11,25.26,25.030001,25.07,60492700
2005-06-21,25.08,25.19,25.040001,25.15,81084000
2005-06-20,24.98,25.28,24.93,25.11,50538900
2005-06-17,25.27,25.29,24.92,25.040001,90821300
2005-06-16,25.22,25.23,24.95,25.040001,65918800
2005-06-15,25.4,25.41,25.11,25.26,50764800
2005-06-14,25.31,25.44,25.24,25.36,44243300
2005-06-13,25.36,25.49,25.26,25.31,49104100
2005-06-10,25.49,25.52,25.34,25.43,39459800
2005-06-09,25.4,25.61,25.35,25.51,52767900
2005-06-08,25.55,25.62,25.34,25.4,45369700
2005-06-07,25.33,25.83,25.31,25.51,54511400
2005-06-06,25.38,25.5,25.31,25.37,40756900
2005-06-03,25.7,25.81,25.34,25.43,79659500
2005-06-02,25.71,25.86,25.64,25.79,27212500
2005-06-01,25.73,26.0,25.61,25.81,54621000
2005-05-31,25.99,26.030001,25.75,25.8,46131100
2005-05-27,25.83,26.09,25.81,26.07,54978000
2005-05-26,25.75,26.0,25.73,25.9,50579200
2005-05-25,25.68,25.77,25.5,25.71,35749000
2005-05-24,25.8,25.88,25.72,25.75,61287700
2005-05-23,25.74,26.07,25.74,25.85,75421100
2005-05-20,25.88,25.92,25.73,25.74,64444500
2005-05-19,25.75,26.049999,25.7,25.92,52120800
2005-05-18,25.5,25.84,25.42,25.7,71182400
2005-05-17,25.31,25.5,25.25,25.46,39983200
2005-05-16,25.23,25.5,25.19,25.49,50577300
2005-05-13,25.030001,25.38,24.99,25.3,77204300
2005-05-12,24.84,25.11,24.83,25.0,74540700
2005-05-11,24.89,24.97,24.64,24.91,59463300
2005-05-10,25.040001,25.08,24.82,24.9,62235100
2005-05-09,25.23,25.33,25.049999,25.11,61872400
2005-05-06,25.33,25.48,25.19,25.22,64322600
2005-05-05,25.2,25.33,25.08,25.23,59362300
2005-05-04,25.34,25.4,25.11,25.21,86864200
2005-05-03,25.13,25.4,25.09,25.36,67867800
2005-05-02,25.23,25.36,24.95,25.23,54376700
2005-04-29,24.88,25.3,24.79,25.3,98641200
2005-04-28,24.82,24.92,24.44,24.45,83623100
2005-04-27,24.66,25.15,24.63,24.99,47732800
2005-04-26,24.95,25.25,24.74,24.76,60464300
2005-04-25,25.07,25.28,24.86,24.99,75457900
2005-04-22,25.049999,25.25,24.78,24.98,80087500
2005-04-21,24.48,25.39,24.47,25.28,93562300
2005-04-20,24.66,24.7,24.3,24.32,91923500
2005-04-19,24.71,24.8,24.45,24.63,65956200
2005-04-18,24.45,24.84,24.4,24.65,75766400
2005-04-15,24.58,24.9,24.41,24.46,100251600
2005-04-14,25.01,25.14,24.83,24.84,66754400
2005-04-13,25.23,25.45,24.99,25.040001,60929300
2005-04-12,24.92,25.35,24.8,25.32,67517800
2005-04-11,25.030001,25.11,24.86,24.97,47791800
2005-04-08,25.07,25.25,24.91,24.94,47956300
2005-04-07,24.66,25.13,24.63,25.1,77451500
2005-04-06,24.47,24.94,24.45,24.67,78020200
2005-04-05,24.22,24.5,24.12,24.47,73549600
2005-04-04,24.11,24.26,23.94,24.23,62196400
2005-04-01,24.24,24.35,24.1,24.12,64619600
2005-03-31,24.25,24.31,24.12,24.17,62382300
2005-03-30,24.040001,24.19,24.0,24.16,59585700
2005-03-29,24.14,24.24,23.82,23.92,74231700
2005-03-28,24.4,24.47,24.18,24.2,49802000
2005-03-24,24.24,24.47,24.2,24.28,78820900
2005-03-23,23.99,24.39,23.96,24.18,79293300
2005-03-22,24.19,24.27,23.96,23.99,102113300
2005-03-21,24.35,24.36,24.15,24.2,71446200
2005-03-18,24.53,24.91,24.28,24.31,135904000
2005-03-17,24.64,24.68,24.53,24.54,60573200
2005-03-16,24.82,24.97,24.56,24.63,74841400
2005-03-15,25.1,25.24,24.89,24.91,71469400
2005-03-14,25.08,25.15,24.96,25.11,65550500
2005-03-11,25.45,25.48,25.059999,25.09,60617900
2005-03-10,25.43,25.48,25.25,25.43,59132900
2005-03-09,25.39,25.57,25.28,25.31,62991800
2005-03-08,25.4,25.62,25.34,25.4,52871800
2005-03-07,25.17,25.79,25.16,25.47,80407400
2005-03-04,25.21,25.3,25.13,25.17,63058200
2005-03-03,25.3,25.31,25.14,25.17,52183600
2005-03-02,25.19,25.48,25.16,25.26,67739000
2005-03-01,25.19,25.41,25.13,25.28,56394800
2005-02-28,25.22,25.37,25.13,25.16,82728000
2005-02-25,25.33,25.38,25.15,25.25,62467700
2005-02-24,25.18,25.44,25.15,25.37,85236300
2005-02-23,25.24,25.35,25.17,25.2,83689400
2005-02-22,25.25,25.49,25.2,25.23,96419200
2005-02-18,25.64,25.65,25.4,25.48,77091100
2005-02-17,25.71,25.86,25.6,25.65,67024800
2005-02-16,25.87,25.93,25.67,25.79,57506600
2005-02-15,26.0,26.08,25.86,25.93,76551600
2005-02-14,25.93,26.12,25.91,26.01,58694000
2005-02-11,26.030001,26.12,25.81,25.97,83835900
2005-02-10,26.1,26.13,26.0,26.059999,71796400
2005-02-09,26.25,26.31,26.040001,26.07,77874800
2005-02-08,26.19,26.34,26.16,26.24,61343700
2005-02-07,26.27,26.3,26.059999,26.16,57763400
2005-02-04,26.17,26.37,26.14,26.32,61246500
2005-02-03,26.37,26.4,26.1,26.18,62545400
2005-02-02,26.42,26.5,26.28,26.46,79329500
2005-02-01,26.25,26.43,26.22,26.39,57981700
2005-01-31,26.35,26.52,26.16,26.28,71442100
2005-01-28,26.54,26.65,25.96,26.18,110466500
2005-01-27,25.95,26.16,25.85,26.11,93204100
2005-01-26,26.07,26.17,25.9,26.01,64974500
2005-01-25,25.76,26.19,25.75,26.02,67580700
2005-01-24,25.76,26.0,25.64,25.67,69010900
2005-01-21,25.95,26.13,25.64,25.65,76501000
2005-01-20,25.84,26.1,25.74,25.86,58380100
2005-01-19,26.21,26.26,25.92,25.98,58114100
2005-01-18,26.030001,26.35,25.84,26.32,69146400
2005-01-14,26.4,26.45,26.040001,26.12,92180800
2005-01-13,26.68,26.8,26.16,26.27,89861600
2005-01-12,26.77,26.85,26.62,26.78,72940600
2005-01-11,26.69,26.82,26.61,26.73,64712000
2005-01-10,26.6,26.86,26.54,26.8,70376600
2005-01-07,26.82,26.89,26.62,26.67,68723300
2005-01-06,26.85,27.059999,26.64,26.75,76890500
2005-01-05,26.84,27.1,26.76,26.78,72463500
2005-01-04,26.87,27.1,26.66,26.84,109442100
2005-01-03,26.8,26.95,26.65,26.74,65002900
2004-12-31,26.75,26.9,26.68,26.72,54959500
2004-12-30,26.89,26.94,26.75,26.76,48355400
2004-12-29,26.85,27.0,26.82,26.9,47594900
2004-12-28,26.85,27.030001,26.8,26.95,55075900
2004-12-27,27.01,27.1,26.82,26.85,55958500
2004-12-23,26.87,27.15,26.83,27.01,65801900
2004-12-22,26.84,27.15,26.78,26.97,63651900
2004-12-21,27.0,27.17,26.94,27.07,94646100
2004-12-20,27.01,27.15,26.89,26.95,85552800
2004-12-17,27.0,27.32,26.8,26.96,126184400
2004-12-16,27.15,27.28,27.01,27.16,88997500
2004-12-15,27.22,27.4,27.07,27.11,106303900
2004-12-14,27.049999,27.33,27.040001,27.23,127843200
2004-12-13,27.1,27.28,26.91,27.25,93812500
2004-12-10,27.08,27.18,27.040001,27.08,70949200
2004-12-09,27.13,27.36,26.94,27.23,83006000
2004-12-08,27.01,27.36,26.91,27.36,95655000
2004-12-07,27.26,27.38,27.0,27.07,111656000
2004-12-06,27.1,27.44,27.07,27.33,55297400
2004-12-03,27.16,27.44,27.14,27.23,76498400
2004-12-02,27.27,27.4,26.92,27.09,96088300
2004-12-01,26.95,27.28,26.81,27.25,99889000
2004-11-30,26.75,27.01,26.7,26.81,75960400
2004-11-29,26.64,26.95,26.61,26.77,67079900
2004-11-26,26.56,26.82,26.55,26.6,24398700
2004-11-24,26.62,26.73,26.4,26.64,60069200
2004-11-23,26.52,26.7,26.4,26.53,70459700
2004-11-22,26.75,26.82,26.1,26.65,92410800
2004-11-19,27.030001,27.07,26.84,26.86,85808600
2004-11-18,27.13,27.17,27.0,27.07,63249900
2004-11-17,27.25,27.35,27.059999,27.17,58830700
2004-11-16,27.33,27.34,27.049999,27.12,64522600
2004-11-15,27.34,27.5,27.2,27.39,104468000
2004-11-12,30.16,30.2,29.8,29.97,162269000
2004-11-11,29.89,30.08,29.82,29.98,87358900
2004-11-10,29.92,30.0,29.69,29.73,84097700
2004-11-09,29.43,29.89,29.35,29.77,100401000
2004-11-08,29.18,29.48,29.13,29.28,112802100
2004-11-05,29.21,29.36,29.030001,29.31,95337700
2004-11-04,28.38,29.0,28.38,29.0,87867700
2004-11-03,28.65,28.65,28.31,28.47,79666700
2004-11-02,28.26,28.47,28.030001,28.24,89417100
2004-11-01,28.16,28.28,27.96,28.08,72930900
2004-10-29,28.12,28.15,27.8,27.97,80010100
2004-10-28,28.11,28.54,27.9,28.01,63059600
2004-10-27,27.86,28.35,27.58,28.15,72392600
2004-10-26,27.71,27.9,27.63,27.9,76966600
2004-10-25,27.67,27.77,27.55,27.63,61529500
2004-10-22,28.3,28.34,27.58,27.74,101912800
2004-10-21,28.81,28.89,28.47,28.56,94988500
2004-10-20,28.22,28.75,28.12,28.7,69078100
2004-10-19,28.53,28.59,28.17,28.18,57026500
2004-10-18,28.07,28.45,27.98,28.41,50350700
2004-10-15,27.97,28.24,27.82,27.99,49828500
2004-10-14,28.040001,28.16,27.8,27.8,41548700
2004-10-13,28.19,28.27,27.94,28.030001,49500700
2004-10-12,27.83,28.16,27.81,28.030001,56412900
2004-10-11,28.2,28.22,27.93,28.059999,44691000
2004-10-08,28.1,28.33,27.97,27.99,49556600
2004-10-07,28.54,28.59,28.16,28.17,38401500
2004-10-06,28.39,28.55,28.23,28.53,56999600
2004-10-05,28.15,28.45,28.1,28.38,58017700
2004-10-04,28.44,28.46,28.07,28.12,62016200
2004-10-01,27.82,28.32,27.78,28.25,66302800
2004-09-30,27.59,27.79,27.52,27.65,71218000
2004-09-29,27.26,27.69,27.23,27.58,61529300
2004-09-28,27.21,27.36,27.040001,27.27,62055100
2004-09-27,27.17,27.32,27.13,27.19,47813600
2004-09-24,27.39,27.46,27.19,27.29,49859800
2004-09-23,27.19,27.39,27.17,27.35,52155800
2004-09-22,27.28,27.74,27.07,27.12,68409000
2004-09-21,27.45,27.53,27.25,27.26,73874400
2004-09-20,27.44,27.65,27.33,27.51,51513600
2004-09-17,27.39,27.53,27.26,27.51,65283000
2004-09-16,27.22,27.35,27.17,27.26,35951500
2004-09-15,27.36,27.4,27.14,27.19,52605700
2004-09-14,27.37,27.51,27.27,27.44,55920000
2004-09-13,27.53,27.57,26.74,27.25,48239200
2004-09-10,27.34,27.51,27.18,27.49,52664500
2004-09-09,27.3,27.47,27.18,27.28,56904700
2004-09-08,27.3,27.47,27.14,27.26,53278100
2004-09-07,27.29,27.38,27.16,27.36,44893400
2004-09-03,27.46,27.62,27.1,27.11,46174400
2004-09-02,27.4,27.68,27.35,27.62,42161700
2004-09-01,27.23,27.52,27.14,27.39,48507500
2004-08-31,27.29,27.32,27.049999,27.3,52106700
2004-08-30,27.3,27.39,26.85,27.3,36679600
2004-08-27,27.5,27.65,27.45,27.46,33248700
2004-08-26,27.46,27.6,27.39,27.44,35465500
2004-08-25,27.21,27.67,27.18,27.55,53512700
2004-08-24,27.4,27.46,27.09,27.24,40835300
2004-08-23,27.27,27.33,27.12,27.24,39572200
2004-08-20,27.13,27.37,27.040001,27.2,46494800
2004-08-19,27.35,27.45,27.01,27.12,46293000
